timestamp;daily_1;daily_2;daily_3;daily_4;daily_5;daily_6;daily_7;daily_8;daily_9;daily_10;daily_11;daily_12;daily_13;daily_14;daily_15;daily_16;daily_17;daily_18;daily_19;daily_20;anomaly;nb anomalies
2016-01-01T00:00;16,0;11,0;16,0;12,1;66,8;163,0;661,3;3336,2;660,0;5,7;27,6;28,3;31,6;28,1;78,9;335,7;798,6;3893,2;813,3;12,5;;200
2016-01-01T01:00;15,6;8,9;14,2;10,3;64,5;152,1;658,8;3228,1;641,9;4,9;30,9;29,5;29,0;28,8;84,4;307,8;801,1;4172,4;798,3;14,0;;
2016-01-01T02:00;14,5;11,0;12,7;8,0;64,2;156,7;643,2;3239,4;649,1;6,5;33,2;29,6;31,3;30,1;84,6;306,0;820,5;4271,5;832,9;15,5;;
2016-01-01T03:00;15,1;10,0;11,3;6,7;65,7;149,5;652,1;3284,1;648,7;6,3;35,0;35,6;31,3;30,2;86,2;334,8;851,6;4222,4;860,9;16,5;;
2016-01-01T04:00;15,2;13,8;12,7;7,1;64,5;144,9;656,6;3212,4;651,6;6,6;39,3;32,9;38,4;33,4;87,6;375,3;882,6;4304,1;886,0;17,5;;
2016-01-01T05:00;14,2;13,5;15,4;13,8;64,7;156,2;648,8;3246,0;646,5;7,1;38,3;38,1;41,7;39,8;89,7;379,0;914,1;4444,2;911,2;19,5;;
2016-01-01T06:00;16,8;15,6;18,0;16,3;65,6;156,7;659,8;3312,9;657,6;8,3;39,9;44,3;39,4;40,6;93,4;389,5;922,7;4483,9;914,5;21,0;;
2016-01-01T07:00;17,7;20,1;22,4;24,6;67,0;167,4;673,4;3356,7;678,8;9,7;46,9;47,8;48,2;55,4;92,4;409,9;969,5;4740,2;931,6;23,5;;
2016-01-01T08:00;17,7;21,0;23,3;28,3;67,2;178,8;683,1;3376,9;675,8;10,8;48,4;49,0;49,0;54,1;97,7;452,5;935,8;4965,3;931,6;25,0;;
2016-01-01T09:00;18,8;26,3;24,8;33,2;67,7;175,6;680,9;3381,1;672,9;12,6;44,6;51,7;49,9;58,3;95,8;422,8;974,8;4654,2;973,6;25,5;;
2016-01-01T10:00;18,4;27,1;26,5;32,5;69,2;183,2;697,7;3452,4;695,4;14,3;42,1;47,1;51,9;59,7;91,5;408,9;946,5;4768,9;926,6;25,0;;
2016-01-01T11:00;19,2;24,1;25,1;34,5;68,3;191,1;693,6;3427,0;693,5;11,9;37,7;43,2;48,6;49,6;89,2;370,8;923,5;4598,6;920,4;23,0;;
2016-01-01T12:00;21,4;24,0;25,4;33,6;71,4;209,0;712,7;3587,6;718,9;13,9;31,9;39,6;37,2;45,2;82,7;380,4;875,6;4292,9;850,3;20,0;;
2016-01-01T13:00;21,7;28,8;29,2;32,4;72,1;223,7;718,9;3565,6;716,5;13,6;29,6;39,0;36,8;38,2;80,6;274,8;770,1;4112,1;810,6;18,0;;
2016-01-01T14:00;22,3;28,6;27,3;33,5;72,6;222,8;722,0;3582,0;720,4;14,3;22,8;30,6;26,7;37,6;75,9;267,1;776,2;3708,3;753,3;16,0;;
2016-01-01T15:00;23,7;32,0;28,0;33,3;73,7;235,8;728,2;3647,8;729,9;16,1;17,8;28,1;23,5;30,7;71,6;166,9;671,0;3592,2;684,3;14,0;;
2016-01-01T16:00;24,7;33,4;26,9;37,0;73,9;247,5;734,3;3691,1;747,3;15,2;12,7;24,3;20,9;24,4;64,4;179,9;637,3;3226,2;680,3;11,5;;
2016-01-01T17:00;23,9;27,8;25,8;32,0;72,6;229,9;735,2;3675,9;737,2;15,2;12,8;16,1;15,1;18,4;58,4;108,2;611,1;3043,9;606,1;8,0;;
2016-01-01T18:00;22,1;30,4;24,2;31,9;72,7;220,8;711,2;3610,5;712,3;13,6;16,8;22,5;19,5;21,5;66,7;145,4;684,2;3344,4;676,3;11,0;;
2016-01-01T19:00;21,1;24,4;22,0;28,1;71,0;207,6;704,7;3516,4;707,2;13,6;23,2;25,0;22,4;22,2;71,1;224,4;718,2;3595,7;681,0;12,5;;
2016-01-01T20:00;19,7;21,3;21,5;21,9;69,8;186,5;684,4;3493,8;694,4;10,8;24,9;25,0;26,9;26,3;77,2;217,4;777,2;3711,4;738,9;14,0;;
2016-01-01T21:00;19,0;21,7;20,6;23,0;68,2;192,4;694,2;3431,1;687,7;10,0;28,3;29,7;33,0;31,3;79,5;297,3;834,9;4013,3;795,3;16,0;;
2016-01-01T22:00;17,5;18,3;18,0;20,2;68,5;178,4;677,8;3387,8;674,9;10,3;41,2;44,4;41,8;42,2;91,5;373,1;891,7;4502,1;878,0;21,0;;
2016-01-01T23:00;17,8;16,9;16,8;14,7;67,0;162,0;664,0;3312,9;674,4;8,5;42,2;40,6;46,6;41,2;96,6;452,0;919,0;4638,9;931,6;22,0;;
2016-01-02T00:00;16,2;9,9;16,7;8,7;65,6;152,5;668,0;3340,1;662,3;6,0;28,4;22,7;32,4;25,2;77,4;268,0;834,4;4042,8;816,1;12,5;;
2016-01-02T01:00;15,7;9,2;13,5;9,2;64,6;151,9;652,5;3260,1;655,8;5,4;29,1;27,0;30,6;27,7;84,2;333,8;853,3;4018,1;829,1;14,0;;
2016-01-02T02:00;15,9;12,8;12,8;7,7;64,9;149,0;647,0;3213,5;641,0;7,0;32,1;30,0;32,8;32,0;87,4;338,3;866,5;4304,8;855,8;15,5;;
2016-01-02T03:00;15,2;9,9;12,4;8,0;65,4;152,5;645,8;3275,3;642,0;6,3;36,0;33,3;35,9;25,9;86,6;361,4;870,1;4286,7;851,7;16,5;;
2016-01-02T04:00;15,0;13,1;11,9;9,9;64,9;157,9;647,5;3220,1;656,8;5,5;39,0;36,7;31,5;30,8;88,2;403,6;856,5;4316,8;911,1;17,5;;
2016-01-02T05:00;15,7;12,3;14,0;10,6;64,8;144,6;657,3;3276,6;655,5;6,6;41,8;39,0;37,0;35,9;90,4;383,5;911,0;4389,2;923,7;19,5;;
2016-01-02T06:00;15,3;15,8;18,5;14,8;66,8;155,8;659,7;3335,6;665,2;8,6;39,9;41,0;46,9;39,0;94,1;389,6;919,9;4508,0;955,0;21,0;;
2016-01-02T07:00;17,4;21,8;20,6;25,2;67,7;177,3;676,7;3326,7;674,8;9,7;45,7;49,2;48,9;49,7;94,8;465,8;905,1;4607,2;925,4;23,5;;
2016-01-02T08:00;18,4;21,7;25,0;25,5;67,9;171,5;688,6;3368,4;687,1;11,7;45,9;51,5;50,5;57,3;97,7;469,2;954,5;4895,6;969,7;25,0;;
2016-01-02T09:00;18,8;24,1;26,2;30,5;67,6;182,7;681,3;3364,4;676,2;11,5;46,5;49,6;53,4;62,3;90,5;463,7;930,7;4652,5;974,4;25,5;;
2016-01-02T10:00;18,9;28,0;28,4;37,6;68,8;195,3;687,3;3439,6;683,6;14,0;43,4;52,4;50,0;57,8;94,7;415,8;940,0;4508,7;955,0;25,0;;
2016-01-02T11:00;18,7;25,6;25,1;34,0;69,3;191,0;682,9;3421,4;689,5;11,7;41,5;44,0;45,6;50,1;89,1;431,5;928,4;4348,9;883,5;23,0;;
2016-01-02T12:00;20,2;26,2;28,5;29,8;70,6;215,4;711,6;3533,5;704,0;13,7;31,8;38,2;41,4;42,6;81,6;359,1;826,5;4399,8;883,1;20,0;;
2016-01-02T13:00;21,2;26,4;26,6;32,5;71,9;222,4;724,3;3587,5;724,2;13,2;30,8;34,3;32,7;45,1;77,1;291,3;795,8;4133,8;777,4;18,0;;
2016-01-02T14:00;21,7;28,8;28,3;32,1;72,9;213,6;722,7;3566,7;711,1;14,3;24,7;32,6;32,5;36,5;75,7;248,3;775,9;3639,5;733,5;16,0;;
2016-01-02T15:00;23,1;31,6;27,0;33,8;73,3;236,8;725,0;3618,6;724,2;15,8;21,5;25,1;21,2;31,6;68,7;188,7;709,3;3558,0;713,4;14,0;;
2016-01-02T16:00;23,4;33,1;25,8;37,1;73,7;247,3;739,0;3717,2;735,4;16,9;14,1;22,3;21,2;28,1;68,1;152,8;622,4;3423,4;674,1;11,5;;
2016-01-02T17:00;23,3;29,3;24,7;28,7;72,3;226,1;731,5;3694,1;721,1;13,8;12,4;14,2;12,5;14,4;57,0;120,3;584,5;3177,6;621,2;8,0;;
2016-01-02T18:00;21,6;29,3;23,0;30,9;71,5;212,4;725,7;3616,5;725,7;14,7;18,4;18,7;13,4;24,3;64,5;127,8;615,8;3169,6;630,2;11,0;;
2016-01-02T19:00;20,6;27,9;22,6;25,3;71,4;218,8;717,0;3586,8;708,4;12,7;23,3;25,5;24,7;29,5;71,4;196,6;702,7;3672,4;727,7;12,5;;
2016-01-02T20:00;18,5;21,9;20,2;24,6;69,7;188,1;681,5;3430,4;686,2;11,1;21,9;25,4;28,7;31,9;73,7;226,1;731,7;3581,7;737,6;14,0;;
2016-01-02T21:00;19,4;20,2;19,0;22,0;69,3;188,0;692,1;3471,4;698,9;11,4;26,6;31,4;31,6;32,6;77,0;285,7;809,7;4127,5;818,2;16,0;;
2016-01-02T22:00;18,4;18,1;18,8;22,1;68,7;174,6;683,3;3424,9;674,6;9,4;42,2;41,1;42,2;41,9;89,1;416,5;899,1;4594,8;894,5;21,0;;
2016-01-02T23:00;16,1;17,1;18,1;15,7;66,3;173,4;667,8;3315,1;671,9;7,1;47,0;41,2;41,0;47,7;93,3;477,0;926,5;4785,5;916,8;22,0;;
2016-01-03T00:00;15,8;12,6;16,1;9,1;65,1;164,0;653,3;3330,2;664,8;6,1;26,9;26,9;31,5;24,1;80,7;293,5;818,1;4010,4;815,1;12,5;;
2016-01-03T01:00;15,8;12,8;12,5;10,8;64,9;147,5;645,7;3218,9;650,6;5,9;30,4;31,0;28,3;26,2;78,5;299,4;799,8;3970,4;837,3;14,0;;
2016-01-03T02:00;15,5;11,9;11,5;7,8;65,8;158,8;655,6;3253,3;653,4;6,3;37,2;31,5;28,9;26,1;81,9;347,5;834,3;4318,6;816,0;15,5;;
2016-01-03T03:00;15,1;11,7;11,6;9,8;65,1;151,9;651,6;3275,8;656,9;6,9;34,8;33,3;33,6;32,4;87,6;378,8;883,8;4471,1;834,1;16,5;;
2016-01-03T04:00;14,3;11,3;13,2;8,6;65,8;154,3;651,5;3228,7;641,7;7,0;35,0;35,1;36,3;35,5;85,5;410,2;907,8;4477,4;857,2;17,5;;
2016-01-03T05:00;15,4;15,8;12,4;13,2;65,7;147,0;642,1;3234,8;658,3;7,1;39,9;35,8;41,3;38,1;92,9;376,3;923,0;4638,0;879,8;19,5;;
2016-01-03T06:00;16,3;17,9;16,9;17,5;65,4;168,6;668,6;3307,5;669,0;7,2;42,1;38,7;46,7;43,4;91,9;405,3;937,7;4570,1;918,2;21,0;;
2016-01-03T07:00;16,1;20,0;22,0;24,5;66,8;176,2;662,1;3354,1;661,6;9,4;44,2;44,7;49,4;51,7;94,5;421,5;937,0;4766,9;924,1;23,5;;
2016-01-03T08:00;17,5;22,9;25,3;30,2;68,2;182,9;686,0;3419,9;672,7;10,7;45,4;50,1;49,0;53,3;99,3;458,1;952,4;4780,5;992,5;25,0;;
2016-01-03T09:00;18,7;26,5;25,4;30,4;68,4;174,8;678,4;3391,1;684,0;12,8;41,1;49,3;51,7;60,2;95,9;424,9;931,2;4746,9;909,3;25,5;;
2016-01-03T10:00;18,4;25,5;26,1;35,5;69,3;197,6;698,3;3485,2;683,6;14,3;41,8;51,1;47,8;60,6;94,0;424,0;892,4;4424,7;921,8;25,0;;
2016-01-03T11:00;19,7;24,3;26,9;33,3;69,3;182,5;698,7;3487,5;686,4;13,4;38,0;44,7;50,7;51,0;91,1;382,2;922,2;4491,9;895,7;23,0;;
2016-01-03T12:00;21,5;28,0;28,6;33,6;70,6;213,7;710,3;3587,0;711,1;12,3;33,5;39,0;39,4;43,9;88,1;337,9;817,2;4381,8;841,6;20,0;;
2016-01-03T13:00;21,2;26,3;27,3;35,0;71,9;219,2;716,9;3595,6;724,6;14,1;33,4;37,5;36,5;44,9;79,2;296,7;822,6;4099,7;832,7;18,0;;
2016-01-03T14:00;21,6;28,4;25,9;31,3;72,5;218,4;716,7;3624,5;716,3;14,0;25,7;29,4;32,8;34,7;77,9;262,2;725,5;3923,7;718,5;16,0;;
2016-01-03T15:00;22,3;29,1;28,3;34,7;72,4;238,4;738,8;3675,8;736,9;14,9;21,0;30,8;20,3;36,0;69,1;207,5;710,9;3359,7;676,3;14,0;;
2016-01-03T16:00;24,3;31,3;27,2;36,2;74,4;248,1;740,6;3694,6;745,5;16,1;12,8;25,6;18,8;23,1;65,4;156,4;664,1;3134,9;658,0;11,5;;
2016-01-03T17:00;22,9;30,4;23,4;33,4;73,8;235,8;726,3;3641,2;726,4;14,3;11,5;15,3;10,5;16,7;62,3;79,8;633,0;3087,0;619,2;8,0;;
2016-01-03T18:00;22,6;27,7;24,6;32,7;71,8;216,5;723,6;3614,2;717,2;14,3;13,5;20,4;14,8;25,2;68,0;131,1;659,9;3144,8;669,2;11,0;;
2016-01-03T19:00;21,6;27,5;23,3;24,8;71,2;203,9;715,4;3563,1;705,4;13,1;17,7;25,0;20,1;23,4;69,3;208,3;709,0;3470,7;733,7;12,5;;
2016-01-03T20:00;18,8;21,4;21,2;23,8;69,1;195,2;695,9;3409,5;687,7;10,6;22,2;25,4;28,4;27,6;77,4;284,1;748,7;3594,0;718,7;14,0;;
2016-01-03T21:00;19,4;19,5;18,8;19,6;69,6;193,8;694,2;3436,6;689,5;11,0;28,4;34,5;30,2;29,9;77,4;275,3;829,1;4049,4;826,9;16,0;;
2016-01-03T22:00;18,4;19,9;17,7;20,3;67,9;180,8;687,2;3411,8;689,0;9,4;41,0;40,2;37,7;43,0;88,8;416,5;866,9;4408,7;921,5;21,0;;
2016-01-03T23:00;16,5;14,7;17,0;14,2;66,5;170,1;677,9;3377,7;672,8;7,7;41,4;40,6;45,5;44,2;98,0;415,4;932,1;4851,1;945,6;22,0;;
2016-01-04T00:00;15,9;11,7;15,6;12,4;65,9;159,1;665,8;3333,8;656,1;5,6;32,1;22,7;26,3;24,5;79,6;276,8;766,5;4168,7;791,5;12,5;;
2016-01-04T01:00;14,8;11,7;14,1;7,7;64,8;150,3;644,1;3238,2;656,2;5,2;29,9;25,3;32,5;28,3;83,1;299,3;817,1;3942,6;846,8;14,0;;
2016-01-04T02:00;14,3;10,6;12,3;9,0;64,1;153,8;650,7;3289,7;655,4;6,6;36,5;29,2;34,5;32,6;84,5;357,4;835,1;4038,2;854,6;15,5;;
2016-01-04T03:00;14,2;11,8;10,2;7,6;64,8;150,7;658,1;3222,6;647,6;5,5;37,1;31,0;30,7;25,1;85,0;330,1;894,5;4250,6;883,8;16,5;;
2016-01-04T04:00;15,1;13,9;13,1;8,3;64,5;146,7;642,8;3276,6;653,2;5,8;34,6;33,9;38,9;31,6;85,1;376,4;855,4;4406,4;910,1;17,5;;
2016-01-04T05:00;14,7;15,2;13,5;14,6;64,7;145,5;653,2;3235,3;657,3;6,0;40,4;37,0;41,6;39,5;91,0;410,6;909,4;4555,8;885,6;19,5;;
2016-01-04T06:00;15,9;14,5;16,4;14,3;65,6;156,4;655,2;3281,8;661,2;7,1;38,5;44,7;44,0;46,3;93,5;449,2;885,4;4730,9;915,9;21,0;;
2016-01-04T07:00;16,8;18,9;22,9;24,0;66,9;170,8;676,7;3339,7;674,4;10,8;40,8;45,4;48,3;49,0;95,5;437,2;962,6;4822,6;906,8;23,5;;
2016-01-04T08:00;18,2;20,7;24,4;25,5;68,2;171,3;686,1;3391,4;675,2;11,1;45,8;47,2;55,2;56,9;94,0;483,4;945,1;4771,8;970,5;25,0;;
2016-01-04T09:00;17,8;25,9;26,9;35,1;68,0;180,1;673,5;3440,0;679,5;11,9;44,4;53,8;55,0;63,0;94,1;405,3;922,1;4699,8;936,1;25,5;;
2016-01-04T10:00;19,4;26,6;26,9;34,5;69,6;196,8;685,5;3405,0;695,8;13,4;38,7;46,7;53,9;58,5;94,3;393,2;950,2;4766,6;941,3;25,0;;
2016-01-04T11:00;18,2;24,8;25,6;34,4;69,4;189,5;683,1;3419,3;688,4;13,0;42,2;43,6;48,9;53,2;93,3;422,0;873,7;4647,9;887,5;23,0;;
2016-01-04T12:00;20,4;26,0;25,8;29,5;71,5;213,5;713,2;3580,6;715,8;13,8;36,3;40,9;37,3;41,9;85,2;322,4;836,5;4389,8;864,2;20,0;;
2016-01-04T13:00;22,2;27,5;28,6;35,7;71,3;213,4;722,9;3592,8;717,1;13,9;32,2;34,8;35,3;41,1;77,5;286,6;771,5;3951,4;781,4;18,0;;
2016-01-04T14:00;22,5;27,7;25,6;34,9;71,8;226,4;719,5;3557,5;723,8;14,8;23,6;34,2;33,9;34,4;72,6;266,0;765,1;3879,6;738,3;16,0;;
2016-01-04T15:00;22,5;32,9;28,0;33,5;72,9;234,7;735,5;3679,2;733,5;14,6;20,7;26,5;24,1;33,6;72,8;219,9;697,5;3624,1;724,6;14,0;;
2016-01-04T16:00;23,8;32,9;28,6;37,6;74,6;231,5;744,8;3669,5;738,7;16,4;11,8;25,1;20,7;23,7;64,1;143,6;661,7;3226,0;647,8;11,5;;
2016-01-04T17:00;23,8;28,8;25,3;31,9;73,9;236,3;735,8;3660,5;725,3;13,6;10,0;14,4;10,4;21,1;56,7;76,5;605,1;2962,1;622,2;8,0;;
2016-01-04T18:00;21,6;28,3;24,4;33,0;72,9;227,6;719,9;3585,3;720,5;15,3;18,5;18,7;14,1;21,8;68,6;184,7;654,9;3355,7;627,5;11,0;;
2016-01-04T19:00;21,9;26,6;22,2;29,3;71,1;217,2;710,6;3569,5;705,4;13,2;19,8;22,2;24,6;24,4;72,4;166,2;722,8;3424,2;669,3;12,5;;
2016-01-04T20:00;19,5;22,3;20,7;24,5;69,0;198,1;696,6;3445,8;686,5;10,5;27,3;30,3;28,8;25,4;74,7;256,9;784,6;3843,9;769,4;14,0;;
2016-01-04T21:00;19,6;20,0;19,5;23,1;69,3;191,1;682,0;3439,7;697,9;9,7;27,4;29,2;31,0;33,5;79,1;333,6;801,7;4122,9;800,7;16,0;;
2016-01-04T22:00;17,7;18,7;19,4;20,6;67,6;179,2;686,5;3399,8;686,4;10,9;38,9;41,9;39,5;43,0;88,5;426,0;926,9;4394,7;886,9;21,0;;
2016-01-04T23:00;17,8;15,7;17,6;14,8;66,3;178,1;674,4;3314,0;662,5;8,7;41,4;44,2;44,8;42,3;93,6;468,3;947,7;4724,6;934,8;22,0;;
2016-01-05T00:00;15,5;9,1;14,4;12,3;66,0;156,5;663,6;3268,7;659,0;5,7;29,1;23,3;27,2;22,4;82,4;293,2;784,2;3895,7;791,7;12,5;;
2016-01-05T01:00;15,4;10,9;15,0;11,4;65,3;141,4;653,9;3280,7;649,4;5,0;33,1;26,4;27,2;27,5;81,1;301,4;824,3;4196,9;830,6;14,0;;
2016-01-05T02:00;14,1;10,8;12,8;11,9;64,6;153,1;646,0;3208,1;646,5;6,9;37,0;27,6;32,3;30,5;83,6;320,6;818,6;4155,1;867,2;15,5;;
2016-01-05T03:00;14,8;12,2;11,7;6,4;64,4;150,0;645,8;3277,3;644,5;5,9;36,2;32,6;33,7;31,2;88,6;340,8;895,7;4438,3;876,7;16,5;;
2016-01-05T04:00;14,7;13,2;10,5;7,1;64,2;143,2;655,4;3234,8;648,0;6,7;39,0;33,0;38,5;30,5;86,5;401,9;895,9;4467,2;906,1;17,5;;
2016-01-05T05:00;15,1;13,3;15,5;11,4;64,6;151,0;642,1;3290,0;650,4;6,6;43,0;39,6;40,5;37,5;92,0;432,6;884,5;4340,1;869,7;19,5;;
2016-01-05T06:00;15,8;14,6;16,8;14,9;65,2;156,4;659,5;3284,7;662,4;8,2;43,3;38,6;43,2;44,2;95,0;411,4;896,1;4620,7;939,3;21,0;;
2016-01-05T07:00;16,6;20,9;23,4;27,1;67,5;177,2;665,3;3305,7;662,2;10,8;43,5;44,1;45,6;51,0;96,9;468,3;959,1;4660,2;924,9;23,5;;
2016-01-05T08:00;18,5;22,5;25,0;27,5;68,4;187,4;673,9;3380,4;684,1;11,8;44,4;46,8;55,5;56,9;92,4;485,0;942,2;4739,6;978,3;25,0;;
2016-01-05T09:00;17,2;25,4;26,3;33,0;67,5;174,7;679,5;3436,4;681,1;13,1;46,4;52,9;54,5;61,4;96,6;437,0;919,0;4735,1;951,9;25,5;;
2016-01-05T10:00;18,3;27,2;26,3;33,1;69,2;193,1;683,0;3481,2;691,0;13,7;41,5;49,6;46,1;57,9;92,1;403,1;932,3;4663,7;955,0;25,0;;
2016-01-05T11:00;18,8;26,9;24,5;30,7;69,8;183,3;691,7;3426,1;691,2;12,7;40,9;45,1;46,5;54,6;91,9;413,0;916,0;4381,4;924,7;23,0;;
2016-01-05T12:00;21,0;25,0;26,8;32,9;70,4;201,7;701,7;3581,0;710,1;13,4;37,4;41,7;42,3;47,7;82,0;385,8;882,3;4268,2;864,2;20,0;;
2016-01-05T13:00;22,2;28,3;29,0;35,8;72,3;213,1;711,2;3575,8;726,7;15,0;27,9;38,3;35,9;44,5;79,8;267,0;799,9;3905,4;833,3;18,0;;
2016-01-05T14:00;22,3;27,3;26,5;33,3;72,3;219,6;728,8;3602,2;712,1;15,4;22,6;31,2;29,7;40,1;77,4;214,1;739,4;3701,7;777,7;16,0;;
2016-01-05T15:00;22,8;29,6;26,2;33,8;72,2;227,2;728,4;3606,3;727,1;15,7;22,8;31,2;26,1;35,2;68,9;213,2;713,8;3521,6;708,5;14,0;;
2016-01-05T16:00;23,3;32,2;26,4;35,5;73,6;247,4;736,8;3742,7;740,1;15,1;18,1;25,1;15,3;23,6;65,9;185,6;614,5;3307,7;634,3;11,5;;
2016-01-05T17:00;23,8;28,2;24,8;30,9;73,4;234,3;725,5;3656,0;731,8;14,1;10,1;19,0;12,7;15,1;57,0;64,5;564,2;2886,9;569,8;8,0;;
2016-01-05T18:00;22,3;28,2;22,7;33,0;71,6;220,4;713,7;3614,2;722,0;15,3;12,4;22,0;13,9;26,7;63,8;114,5;661,3;3353,7;676,6;11,0;;
2016-01-05T19:00;21,9;25,4;21,9;28,4;71,6;204,0;707,6;3539,8;703,9;12,5;18,2;24,6;24,4;24,3;69,7;213,3;720,6;3667,8;721,1;12,5;;
2016-01-05T20:00;18,7;23,8;21,2;22,9;69,2;190,3;687,7;3490,5;693,4;10,4;23,3;25,1;28,0;31,2;72,4;248,5;725,0;3853,8;768,2;14,0;;
2016-01-05T21:00;19,5;22,4;19,8;22,0;69,5;186,9;693,9;3438,1;695,6;9,5;28,7;29,9;32,0;27,9;81,8;299,5;816,6;3968,8;787,0;16,0;;
2016-01-05T22:00;17,3;18,4;17,2;18,4;67,5;181,4;688,5;3436,2;675,1;10,6;43,0;44,4;37,1;44,0;86,5;386,6;921,0;4567,7;914,5;21,0;;
2016-01-05T23:00;16,4;14,6;17,3;18,6;67,6;178,7;674,2;3375,9;678,4;7,0;45,7;44,7;44,8;42,6;96,3;434,4;968,4;4776,4;969,2;22,0;;
2016-01-06T00:00;15,7;9,2;17,5;8,9;65,2;163,4;656,1;3310,7;661,4;6,0;26,6;23,5;30,4;26,1;83,5;299,6;823,9;3879,9;774,8;12,5;;
2016-01-06T01:00;14,2;10,6;13,8;8,5;64,9;154,9;644,4;3235,1;658,5;5,0;30,1;25,4;32,7;30,5;79,1;304,6;845,7;4142,1;793,0;14,0;;
2016-01-06T02:00;15,3;12,6;11,8;8,5;64,4;142,2;644,4;3254,6;648,7;6,1;34,2;27,7;33,3;32,8;84,3;328,3;845,3;4242,7;808,2;15,5;;
2016-01-06T03:00;15,7;9,9;10,6;6,7;64,2;154,2;657,2;3267,7;654,6;5,3;37,3;35,5;35,9;28,1;88,9;368,3;870,4;4370,4;837,0;16,5;;
2016-01-06T04:00;14,2;11,8;12,4;11,3;64,2;156,5;654,4;3236,4;645,3;5,3;37,6;31,7;38,7;33,5;85,5;371,7;890,2;4364,2;880,1;17,5;;
2016-01-06T05:00;15,4;11,9;14,0;10,5;65,2;142,0;654,8;3207,4;653,2;7,7;41,5;36,5;42,4;34,0;90,7;386,0;917,5;4427,1;916,2;19,5;;
2016-01-06T06:00;15,3;14,4;17,3;17,1;66,6;152,6;658,8;3263,4;657,4;9,0;41,8;43,3;41,9;40,0;94,2;409,3;884,5;4677,6;955,8;21,0;;
2016-01-06T07:00;16,9;21,1;23,6;27,0;66,3;172,4;673,4;3368,8;674,9;9,6;46,1;47,1;51,7;52,1;90,8;469,2;913,4;4544,6;969,4;23,5;;
2016-01-06T08:00;17,7;23,5;25,0;26,0;68,5;188,8;686,0;3402,2;683,1;10,0;47,3;50,1;51,8;57,3;97,1;447,8;925,0;4654,1;950,5;25,0;;
2016-01-06T09:00;18,8;26,6;25,8;31,4;68,7;173,1;684,5;3406,0;683,3;13,4;43,2;51,5;52,3;58,2;95,4;460,7;966,1;4590,6;914,4;25,5;;
2016-01-06T10:00;18,2;25,1;25,4;37,4;68,6;197,0;698,7;3484,1;688,0;12,5;44,8;51,2;49,5;57,1;92,3;416,0;917,7;4559,2;927,3;25,0;;
2016-01-06T11:00;18,8;26,3;25,9;31,3;68,6;184,8;690,4;3494,6;687,3;11,7;38,4;44,8;44,3;52,3;87,5;379,5;933,2;4589,4;877,0;23,0;;
2016-01-06T12:00;21,9;26,6;27,1;33,3;70,7;210,7;712,5;3551,7;717,9;13,4;32,3;40,0;42,3;46,5;81,9;357,9;862,6;4350,7;879,6;20,0;;
2016-01-06T13:00;21,5;27,8;28,9;33,7;71,2;218,1;728,7;3632,4;722,5;14,0;31,9;34,0;39,1;43,6;83,3;297,3;798,3;4171,7;816,1;18,0;;
2016-01-06T14:00;22,3;30,3;28,1;34,6;72,1;223,7;717,2;3612,3;722,2;14,9;27,3;31,9;32,2;40,3;78,5;250,4;766,8;3851,0;726,2;16,0;;
2016-01-06T15:00;23,6;30,4;26,1;36,7;73,5;230,3;726,3;3650,5;726,8;15,1;18,6;26,6;25,6;28,5;72,8;214,3;681,9;3345,8;675,2;14,0;;
2016-01-06T16:00;23,4;33,1;25,5;35,4;73,5;246,5;737,3;3668,5;742,3;16,1;14,8;25,5;20,6;22,5;64,1;140,7;658,2;3361,0;638,3;11,5;;
2016-01-06T17:00;23,0;29,1;25,6;32,6;72,9;231,1;734,2;3618,9;729,7;14,7;8,4;19,4;13,6;19,5;63,2;77,5;634,8;3043,4;599,2;8,0;;
2016-01-06T18:00;21,7;30,0;23,1;31,4;71,4;214,0;727,4;3636,5;716,3;15,2;14,6;20,2;19,4;21,9;62,3;183,8;680,3;3290,6;629,2;11,0;;
2016-01-06T19:00;21,8;26,0;20,5;25,0;70,1;214,7;712,6;3582,6;718,0;13,6;19,2;25,6;17,4;27,2;72,0;166,7;697,3;3339,2;708,1;12,5;;
2016-01-06T20:00;19,1;23,3;19,3;22,5;69,2;194,9;689,9;3472,4;692,6;10,1;26,2;25,5;23,7;27,6;76,9;260,5;785,8;3885,0;782,7;14,0;;
2016-01-06T21:00;18,5;22,2;19,0;20,9;69,9;187,2;694,9;3475,5;693,3;11,2;30,0;31,1;28,5;34,6;81,9;297,7;783,4;4007,0;767,6;16,0;;
2016-01-06T22:00;18,1;17,9;18,5;20,5;67,2;176,3;673,0;3383,9;672,9;9,8;37,1;40,4;38,8;43,0;92,3;434,4;931,6;4381,1;926,2;21,0;;
2016-01-06T23:00;17,9;14,8;18,0;17,8;66,9;175,5;675,1;3382,3;674,9;7,2;45,3;47,1;41,1;42,8;97,1;446,3;925,8;4731,0;917,3;22,0;;
2016-01-07T00:00;16,7;12,2;15,4;10,2;66,5;155,9;664,9;3291,0;660,6;6,0;27,7;23,9;27,7;22,7;77,1;328,7;790,3;4053,0;771,0;12,5;;
2016-01-07T01:00;15,0;11,4;12,8;11,9;65,8;147,0;647,7;3267,2;648,5;5,8;31,8;28,4;31,8;23,1;78,7;330,8;846,9;4124,3;835,8;14,0;;
2016-01-07T02:00;15,5;13,7;13,3;12,3;65,4;150,7;657,0;3266,7;655,2;5,5;35,5;27,5;29,4;26,6;86,9;368,3;835,4;4202,7;828,2;15,5;;
2016-01-07T03:00;14,2;12,3;9,4;7,0;64,4;143,8;656,5;3249,3;643,0;6,7;38,5;35,5;32,4;28,7;83,8;331,1;826,0;4465,2;895,2;16,5;;
2016-01-07T04:00;14,8;12,5;12,5;10,6;64,3;144,7;651,9;3263,0;647,4;6,7;40,0;31,5;35,7;32,5;87,3;355,6;894,3;4402,0;869,3;17,5;;
2016-01-07T05:00;15,8;15,0;12,7;15,1;64,7;156,1;650,0;3273,6;654,4;6,8;40,7;37,5;35,4;40,1;86,6;395,2;878,9;4322,2;876,5;19,5;;
2016-01-07T06:00;15,4;17,6;17,2;16,2;65,3;163,7;653,5;3268,4;665,8;8,8;44,2;41,5;40,0;44,3;90,7;427,5;937,0;4449,5;884,6;21,0;;
2016-01-07T07:00;17,2;21,7;22,9;25,3;66,8;176,5;667,7;3347,3;677,1;9,2;40,5;47,4;52,6;51,3;95,3;430,6;960,0;4858,4;959,6;23,5;;
2016-01-07T08:00;17,9;23,0;25,2;29,5;68,5;185,5;677,3;3427,9;681,7;11,2;46,7;52,4;53,1;56,0;97,4;490,6;926,1;4624,7;980,4;25,0;;
2016-01-07T09:00;17,4;24,5;25,4;33,4;68,0;172,9;679,2;3359,7;682,7;13,0;45,9;51,9;53,3;57,7;97,4;406,3;923,3;4699,9;945,3;25,5;;
2016-01-07T10:00;19,8;28,2;25,6;36,6;69,7;188,3;682,8;3411,5;696,6;12,5;43,8;48,2;53,9;57,1;90,9;411,2;931,3;4756,8;927,7;25,0;;
2016-01-07T11:00;19,8;24,2;24,4;33,1;69,8;192,6;686,6;3487,1;685,2;12,4;37,9;47,0;46,3;52,2;93,4;404,1;932,8;4578,8;926,8;23,0;;
2016-01-07T12:00;20,4;27,0;26,8;32,8;70,8;203,2;710,6;3524,6;710,2;13,6;37,9;41,7;44,8;44,4;84,7;314,3;820,2;4233,4;847,8;20,0;;
2016-01-07T13:00;22,3;27,0;28,6;36,0;72,5;221,3;715,6;3574,3;712,1;15,0;27,5;33,9;36,7;39,4;80,0;266,4;820,8;3956,0;809,0;18,0;;
2016-01-07T14:00;22,6;28,1;27,5;31,4;72,3;224,4;719,0;3565,3;725,5;13,7;23,3;29,4;26,7;38,1;76,0;257,8;765,9;3908,6;763,9;16,0;;
2016-01-07T15:00;22,6;30,2;26,9;33,7;72,6;227,7;724,0;3692,5;730,4;16,0;16,4;30,0;23,9;35,9;72,1;175,9;712,9;3540,5;706,9;14,0;;
2016-01-07T16:00;23,3;30,7;27,0;36,8;73,2;238,6;738,4;3739,4;731,4;16,2;15,0;26,5;18,5;23,1;67,4;177,2;668,7;3164,2;678,8;11,5;;
2016-01-07T17:00;22,4;30,7;23,9;30,2;72,6;227,6;723,9;3628,6;736,2;13,7;8,4;19,5;15,3;21,7;61,5;105,5;635,0;2847,9;612,4;8,0;;
2016-01-07T18:00;22,2;29,0;23,8;29,9;72,6;218,6;727,0;3607,0;720,7;13,6;13,3;22,0;15,2;22,8;63,3;185,6;620,1;3259,2;665,7;11,0;;
2016-01-07T19:00;21,6;25,7;22,5;26,9;71,7;209,6;702,7;3514,9;713,5;12,1;17,5;25,9;18,9;25,6;73,1;213,1;714,2;3616,6;691,8;12,5;;
2016-01-07T20:00;18,9;20,5;19,7;25,6;68,4;187,3;696,4;3455,8;688,0;10,0;28,4;26,5;24,7;30,1;77,0;254,2;774,5;3634,7;779,8;14,0;;
2016-01-07T21:00;19,6;22,3;17,8;20,2;69,7;182,3;694,6;3425,5;695,2;10,5;30,5;31,0;26,5;31,9;83,4;317,3;787,8;4048,2;808,1;16,0;;
2016-01-07T22:00;17,9;17,9;17,8;22,4;67,1;176,4;681,0;3431,8;687,0;9,9;37,2;42,6;43,6;38,9;87,8;410,1;867,0;4425,4;886,0;21,0;;
2016-01-07T23:00;17,8;17,0;17,4;16,9;67,8;162,2;665,7;3394,7;662,6;7,7;46,7;42,0;43,4;47,2;96,6;445,8;970,1;4668,0;923,0;22,0;;
2016-01-08T00:00;15,6;10,9;14,7;11,4;66,4;158,0;668,2;3303,2;655,2;5,5;31,6;22,2;32,8;25,7;77,1;289,7;778,2;3968,1;803,8;12,5;;
2016-01-08T01:00;15,9;11,6;12,6;11,7;65,7;150,5;652,1;3228,9;647,2;5,1;33,7;26,2;27,2;24,0;84,0;338,8;804,1;4124,0;812,0;14,0;;
2016-01-08T02:00;14,6;13,6;14,0;9,3;64,3;158,4;642,6;3247,9;643,7;6,1;36,0;32,5;29,6;30,7;84,7;373,2;804,9;4187,8;866,3;15,5;;
2016-01-08T03:00;15,8;12,2;9,3;8,2;64,2;157,4;658,0;3285,9;645,0;5,1;33,4;29,7;31,5;30,8;82,7;329,9;867,3;4451,2;890,4;16,5;;
2016-01-08T04:00;15,2;14,1;12,3;9,0;64,2;141,4;641,4;3261,3;642,1;6,2;37,6;37,7;38,9;32,9;87,9;403,7;877,2;4517,8;857,4;17,5;;
2016-01-08T05:00;14,9;14,9;14,8;13,2;65,3;158,9;653,5;3260,6;643,4;7,4;37,7;40,8;41,4;36,9;92,3;371,2;890,6;4618,3;895,6;19,5;;
2016-01-08T06:00;15,6;17,1;16,3;15,8;65,9;153,6;663,4;3331,3;652,0;7,9;44,0;44,5;45,5;42,2;93,9;422,4;917,6;4722,0;890,6;21,0;;
2016-01-08T07:00;17,6;20,4;22,4;25,0;67,8;172,4;672,7;3364,0;671,3;9,3;41,4;48,4;50,9;55,8;97,4;470,7;904,6;4669,9;924,3;23,5;;
2016-01-08T08:00;18,8;23,3;24,2;25,6;67,8;186,2;683,7;3381,0;686,1;11,5;48,9;46,5;52,7;56,9;98,7;480,0;994,5;4932,5;928,6;25,0;;
2016-01-08T09:00;17,2;24,9;24,6;33,8;67,5;184,3;676,2;3391,3;674,8;12,3;44,1;50,9;50,0;55,6;94,2;457,1;946,9;4670,6;918,2;25,5;;
2016-01-08T10:00;18,6;28,7;25,5;33,4;68,2;181,2;691,6;3465,9;686,0;14,0;44,5;47,9;52,8;60,7;92,8;421,1;953,2;4448,7;922,9;25,0;;
2016-01-08T11:00;18,7;24,4;26,8;34,4;68,6;195,7;683,5;3431,2;689,3;13,3;40,2;44,6;49,5;53,5;93,3;426,6;882,5;4655,7;872,6;23,0;;
2016-01-08T12:00;21,4;25,5;26,2;30,9;71,6;217,6;713,3;3579,4;715,8;12,9;38,4;36,8;44,9;49,9;81,7;367,5;837,0;4274,8;871,1;20,0;;
2016-01-08T13:00;21,4;26,2;28,9;33,4;71,3;215,4;720,7;3591,2;718,4;14,6;28,0;33,9;32,6;39,2;81,6;281,9;829,2;4051,5;795,2;18,0;;
2016-01-08T14:00;22,3;30,9;26,8;33,2;71,2;220,4;717,4;3639,1;716,5;14,1;25,0;31,9;27,3;36,0;75,3;245,2;726,2;3667,0;728,5;16,0;;
2016-01-08T15:00;23,2;33,1;26,1;32,6;72,7;221,1;728,4;3610,3;738,8;14,6;18,6;28,3;24,6;33,4;72,5;217,5;687,3;3467,8;731,3;14,0;;
2016-01-08T16:00;24,0;31,4;28,6;35,5;74,4;238,0;742,3;3656,2;741,6;16,9;12,0;24,3;16,2;29,0;65,1;155,0;638,1;3182,2;661,8;11,5;;
2016-01-08T17:00;22,2;27,2;25,9;30,5;72,7;222,2;731,6;3644,3;724,7;14,5;7,8;17,8;9,0;21,8;62,6;108,9;625,3;3015,0;572,1;8,0;;
2016-01-08T18:00;21,2;27,0;22,5;29,7;71,2;222,6;715,7;3565,2;724,7;13,6;16,6;21,1;19,7;25,4;65,7;145,7;663,1;3257,1;616,6;11,0;;
2016-01-08T19:00;20,7;24,6;23,4;28,7;71,1;210,9;705,4;3510,8;715,2;12,0;22,1;22,1;20,3;26,4;70,7;185,3;734,1;3510,4;729,2;12,5;;
2016-01-08T20:00;18,7;20,6;18,6;22,5;68,6;189,8;687,2;3407,3;681,5;10,4;26,5;29,4;25,3;32,5;78,3;259,4;720,1;3593,2;753,2;14,0;;
2016-01-08T21:00;19,3;21,9;19,9;18,7;68,3;191,7;697,6;3427,2;697,5;11,3;27,3;32,4;27,9;35,3;79,8;314,3;820,2;4033,9;798,2;16,0;;
2016-01-08T22:00;17,2;20,9;19,3;21,8;68,8;177,2;673,1;3381,1;688,9;10,7;38,4;40,0;38,4;44,3;91,0;427,9;865,5;4408,4;887,2;21,0;;
2016-01-08T23:00;16,7;17,2;18,4;15,6;67,9;167,1;666,3;3388,5;676,7;8,9;41,7;44,1;42,7;47,1;93,9;432,8;918,8;4843,0;937,0;22,0;;
2016-01-09T00:00;15,9;9,1;15,0;10,4;66,3;164,0;655,7;3283,2;652,1;5,0;33,4;27,3;32,8;23,1;81,3;335,0;766,4;4070,9;820,9;12,5;;
2016-01-09T01:00;14,8;12,2;13,3;8,0;64,7;149,3;657,3;3234,1;652,6;5,4;35,5;29,3;33,0;30,5;80,6;296,9;852,5;3993,8;851,6;14,0;;
2016-01-09T02:00;14,8;10,6;12,7;9,4;65,2;156,1;653,0;3225,4;641,7;6,6;37,4;31,1;31,7;25,2;85,2;319,7;869,6;4236,1;836,3;15,5;;
2016-01-09T03:00;14,2;11,1;10,2;9,9;64,6;145,0;642,9;3225,6;644,3;5,6;36,2;34,1;30,1;29,5;87,4;377,9;875,0;4163,9;890,5;16,5;;
2016-01-09T04:00;15,0;13,5;11,1;9,6;65,6;144,1;653,2;3240,1;642,5;5,2;37,1;35,0;35,0;31,8;85,0;372,9;867,2;4379,8;858,7;17,5;;
2016-01-09T05:00;14,5;14,7;14,8;12,3;64,7;155,0;644,1;3234,7;641,0;7,1;43,2;42,2;38,0;39,1;90,0;422,7;906,7;4581,5;917,5;19,5;;
2016-01-09T06:00;15,9;16,5;15,7;17,8;65,8;161,6;654,2;3289,2;664,7;8,2;45,5;44,3;45,9;42,5;93,3;421,2;931,0;4631,8;943,0;21,0;;
2016-01-09T07:00;17,6;20,9;23,6;23,6;67,0;165,0;677,2;3308,4;661,4;9,9;46,6;47,0;50,1;52,0;93,3;406,6;955,9;4653,7;952,9;23,5;;
2016-01-09T08:00;18,7;21,0;22,7;30,3;68,1;180,8;674,7;3412,8;687,8;10,4;45,4;53,3;53,1;56,1;98,2;465,4;931,6;4661,7;959,9;25,0;;
2016-01-09T09:00;17,1;26,9;25,0;33,6;67,4;175,5;686,3;3429,4;672,0;11,9;47,4;54,0;55,6;56,7;94,8;421,6;946,3;4618,9;916,2;25,5;;
2016-01-09T10:00;19,6;26,9;28,6;33,6;69,8;183,7;692,7;3461,0;695,3;12,6;39,0;51,9;47,6;58,5;95,2;427,0;920,4;4595,1;908,7;25,0;;
2016-01-09T11:00;18,5;26,8;24,3;32,4;69,3;183,0;689,9;3440,6;688,7;11,6;38,7;45,4;48,2;52,5;91,9;378,0;879,8;4559,7;866,1;23,0;;
2016-01-09T12:00;21,3;25,8;27,7;33,4;71,2;216,2;704,4;3519,4;707,2;13,4;33,5;40,3;42,8;50,0;88,4;340,5;882,3;4119,5;820,1;20,0;;
2016-01-09T13:00;22,5;26,2;27,1;35,6;72,7;218,2;725,8;3579,1;715,5;14,1;29,6;33,4;33,4;40,0;80,2;321,7;769,3;4062,6;820,2;18,0;;
2016-01-09T14:00;22,5;28,6;26,3;31,9;72,5;225,8;711,6;3581,1;727,6;13,5;22,5;35,1;29,6;36,1;73,0;264,6;729,1;3694,8;751,9;16,0;;
2016-01-09T15:00;23,5;29,8;28,5;33,6;73,3;238,9;731,1;3626,2;732,1;14,8;18,7;27,4;26,3;35,0;72,7;170,7;672,7;3386,4;696,4;14,0;;
2016-01-09T16:00;24,0;31,1;28,0;36,7;73,5;242,6;737,2;3656,9;747,6;15,4;14,6;21,3;20,4;23,2;64,9;163,0;679,7;3318,5;648,9;11,5;;
2016-01-09T17:00;23,2;28,7;25,5;29,5;73,0;224,1;726,9;3678,7;723,0;13,9;7,8;18,7;14,0;21,4;61,0;113,8;580,8;3137,0;577,5;8,0;;
2016-01-09T18:00;22,4;29,1;23,6;29,2;71,5;215,5;721,7;3582,2;718,6;15,3;16,7;21,2;15,0;22,6;67,4;147,9;666,0;3089,0;643,5;11,0;;
2016-01-09T19:00;20,4;27,2;23,2;27,7;71,3;209,9;701,1;3572,9;711,8;13,7;22,0;27,1;22,8;28,8;69,4;197,8;716,6;3375,4;668,3;12,5;;
2016-01-09T20:00;19,4;22,3;21,1;21,7;68,2;197,0;691,6;3463,1;693,1;10,7;26,9;24,7;23,5;31,2;73,8;280,4;730,4;3643,7;753,4;14,0;;
2016-01-09T21:00;19,6;19,4;19,9;19,8;68,1;190,2;698,1;3453,9;687,9;9,8;31,6;30,1;33,0;30,9;77,7;323,0;769,4;4100,9;820,5;16,0;;
2016-01-09T22:00;18,8;20,5;18,1;20,6;67,2;178,7;685,2;3383,8;674,2;10,7;40,2;39,2;36,5;42,2;88,8;415,6;907,8;4653,5;933,0;21,0;;
2016-01-09T23:00;16,6;16,0;15,8;14,4;66,8;171,1;669,1;3320,4;666,9;9,0;46,5;47,4;41,0;45,8;95,1;474,0;985,6;4781,2;977,9;22,0;;
2016-01-10T00:00;15,6;10,1;15,8;9,8;66,7;156,1;668,6;3285,3;668,7;5,1;30,3;28,0;33,0;26,3;77,7;294,8;774,2;3930,4;780,3;12,5;;
2016-01-10T01:00;14,3;9,1;14,3;12,3;65,3;148,9;642,1;3216,0;658,0;5,3;35,3;30,1;30,4;23,4;82,5;298,0;851,9;3974,1;804,7;14,0;;
2016-01-10T02:00;15,1;9,9;14,4;10,4;64,8;146,2;653,3;3257,3;642,2;5,8;30,9;27,7;30,8;26,2;83,9;335,5;815,6;4099,2;826,9;15,5;;
2016-01-10T03:00;15,6;11,1;9,5;6,0;65,6;145,9;658,5;3234,7;654,3;7,0;34,2;36,4;34,4;32,0;82,7;339,0;895,2;4256,6;842,0;16,5;;
2016-01-10T04:00;15,2;14,0;12,4;7,4;64,9;158,4;647,3;3285,4;653,6;6,8;40,9;36,4;37,1;29,2;89,3;414,6;877,4;4566,5;875,8;17,5;;
2016-01-10T05:00;14,2;11,9;14,8;13,6;64,2;155,9;651,4;3213,8;643,6;7,6;39,1;35,8;42,5;41,9;90,4;367,0;926,4;4607,9;921,0;30,0;A;
2016-01-10T06:00;16,2;14,7;18,1;14,3;65,6;154,1;662,4;3304,7;660,5;8,1;38,6;38,7;40,5;45,9;91,5;418,7;905,7;4632,3;915,6;21,0;;
2016-01-10T07:00;16,3;19,1;22,7;22,7;66,1;176,5;672,3;3323,8;673,1;10,9;43,2;45,0;52,2;54,7;95,4;447,4;930,8;4791,3;929,4;23,5;;
2016-01-10T08:00;17,7;23,3;25,4;29,3;68,7;172,4;688,1;3424,5;683,9;11,2;46,7;49,6;53,9;60,0;95,0;464,8;974,9;4849,0;963,7;25,0;;
2016-01-10T09:00;17,5;27,1;25,0;33,2;67,9;188,0;682,6;3379,5;686,2;11,6;44,1;53,8;55,6;58,9;96,1;447,5;932,6;4674,1;972,2;25,5;;
2016-01-10T10:00;18,9;25,8;27,7;33,8;68,8;181,4;686,0;3435,5;687,0;14,1;40,0;48,5;53,0;59,1;94,5;401,7;936,0;4545,0;921,5;25,0;;
2016-01-10T11:00;24,9;25,2;26,2;34,3;68,9;191,3;689,5;3422,2;696,3;12,2;36,6;44,5;45,8;49,8;93,5;417,9;908,9;4529,5;904,1;23,0;A;
2016-01-10T12:00;25,8;25,1;27,8;29,6;70,3;209,6;709,1;3510,5;711,8;13,6;37,5;40,8;42,2;43,6;88,0;362,8;832,1;4100,2;858,8;20,0;A;
2016-01-10T13:00;26,2;28,7;28,0;32,6;71,5;213,1;718,8;3565,8;718,9;13,9;28,0;39,0;35,0;39,0;79,8;279,4;803,5;3842,5;823,2;18,0;A;
2016-01-10T14:00;27,3;30,0;25,9;32,7;71,2;215,9;711,9;3564,0;725,6;15,0;24,5;31,4;27,3;33,3;73,2;229,3;780,5;3597,0;780,2;16,0;A;
2016-01-10T15:00;28,3;29,5;26,2;34,4;73,4;225,3;735,0;3678,9;723,1;14,5;22,9;25,6;23,9;35,4;70,9;167,8;675,2;3626,8;705,3;14,0;A;
2016-01-10T16:00;29,6;32,7;26,8;35,4;73,1;243,3;735,3;3673,8;747,7;15,4;15,4;19,5;19,9;27,9;66,5;182,0;628,3;3365,8;643,9;11,5;A;
2016-01-10T17:00;30,2;29,0;26,5;33,0;72,9;227,8;722,5;3655,8;721,2;14,3;8,8;16,5;15,1;19,4;63,2;100,9;593,6;2861,5;581,2;8,0;A;
2016-01-10T18:00;22,6;28,7;24,6;30,9;71,5;229,0;721,6;3601,1;728,8;14,0;12,2;8,7;13,3;20,0;66,9;154,4;616,4;3257,7;632,7;11,0;A;
2016-01-10T19:00;21,4;26,6;23,0;25,8;70,7;207,8;704,1;3562,0;705,9;12,6;17,9;23,0;22,4;28,6;71,9;227,9;699,8;3393,2;702,4;12,5;;
2016-01-10T20:00;18,9;23,5;20,9;23,2;69,4;187,0;695,5;3446,4;696,2;11,4;26,5;26,3;28,4;27,0;75,9;253,9;719,4;3573,1;742,5;14,0;;
2016-01-10T21:00;19,1;21,9;20,5;19,3;69,7;188,5;696,7;3464,7;698,8;10,6;26,4;34,2;29,2;36,1;82,4;275,4;822,0;4172,4;809,0;16,0;;
2016-01-10T22:00;17,8;20,5;17,1;21,6;68,7;181,0;673,9;3374,5;685,5;9,5;42,2;43,7;42,3;41,4;93,0;381,2;904,5;4621,7;923,7;21,0;;
2016-01-10T23:00;17,7;15,7;15,9;14,8;66,6;173,4;678,7;3388,2;668,8;9,0;45,1;45,5;47,9;46,1;94,0;429,3;918,4;4926,4;948,0;22,0;;
2016-01-11T00:00;16,1;12,3;15,1;13,7;66,2;154,8;665,8;3276,4;656,8;6,3;28,6;23,1;26,1;23,4;81,4;267,3;811,7;3983,8;812,9;12,5;;
2016-01-11T01:00;14,3;10,9;13,3;12,0;65,8;141,8;648,4;3214,4;648,8;6,5;29,8;27,9;31,8;30,0;85,0;338,0;784,8;4084,0;850,5;14,0;;
2016-01-11T02:00;14,7;13,3;13,7;9,9;64,8;151,3;655,5;3208,1;646,5;5,7;36,7;32,7;29,3;30,9;81,8;334,6;823,4;4268,7;818,5;15,5;;
2016-01-11T03:00;14,3;10,3;10,5;5,6;65,9;143,0;652,5;3222,4;648,5;5,4;33,2;31,9;35,7;32,4;85,0;387,6;832,3;5177,3;841,8;16,5;A;
2016-01-11T04:00;15,1;13,6;11,4;7,4;65,1;152,7;652,1;3225,1;650,4;6,5;41,1;32,6;33,9;29,7;85,2;371,8;848,8;4384,7;882,3;17,5;;
2016-01-11T05:00;14,4;15,7;15,3;11,1;65,5;156,7;657,1;3246,3;643,6;7,4;38,8;41,0;38,2;35,9;89,9;415,3;928,1;4437,8;926,9;19,5;;
2016-01-11T06:00;15,8;16,6;16,5;18,3;65,6;166,6;654,2;3308,8;653,7;7,0;40,6;41,6;41,3;42,9;92,1;439,9;927,8;4424,1;889,7;21,0;;
2016-01-11T07:00;16,9;19,5;22,0;27,4;67,4;163,8;675,1;3323,1;668,5;9,7;47,1;47,2;48,7;49,5;95,0;428,0;947,5;4832,2;921,7;23,5;;
2016-01-11T08:00;18,9;22,3;25,1;28,0;67,4;173,2;682,6;3390,1;686,2;11,4;49,6;47,5;55,5;57,6;93,6;426,5;993,8;4970,7;980,1;25,0;;
2016-01-11T09:00;18,6;23,0;27,0;34,7;68,8;180,2;671,6;3405,3;674,8;11,9;47,1;51,9;54,4;55,2;96,3;446,3;943,9;4867,3;919,8;25,5;;
2016-01-11T10:00;18,8;26,5;25,6;33,8;69,7;181,8;683,9;3441,5;689,2;12,6;44,4;49,9;49,6;60,2;89,2;447,5;898,7;4437,4;946,9;25,0;;
2016-01-11T11:00;19,1;26,7;27,0;34,2;69,1;190,1;698,9;3461,6;693,3;11,6;37,7;45,3;43,7;51,3;93,4;434,5;930,9;4626,5;869,1;23,0;;
2016-01-11T12:00;21,8;26,8;26,0;33,4;71,3;211,7;705,7;3547,0;708,6;12,9;32,3;38,4;37,2;48,2;87,3;375,6;865,7;4116,0;885,6;20,0;;
2016-01-11T13:00;22,3;27,5;27,0;32,7;72,3;220,5;715,7;3559,0;715,7;14,9;29,6;32,9;32,9;42,5;79,3;269,7;797,0;4093,0;833,9;18,0;;
2016-01-11T14:00;22,3;28,4;28,3;33,7;71,7;222,2;718,3;3639,3;718,5;13,9;28,4;30,0;31,7;39,0;75,8;232,7;762,3;3766,8;717,3;16,0;;
2016-01-11T15:00;22,9;29,2;27,4;34,7;72,5;232,4;731,9;3639,9;734,1;16,5;19,8;29,3;27,9;33,3;71,1;196,6;710,1;3452,4;714,1;14,0;;
2016-01-11T16:00;24,4;30,5;28,1;34,7;74,4;93,3;736,2;3732,0;743,0;16,3;12,8;24,7;16,6;22,6;62,4;166,1;672,0;3360,5;626,4;11,5;A;
2016-01-11T17:00;22,2;27,3;24,1;32,0;73,7;107,0;729,9;3636,4;730,9;13,7;9,8;16,1;8,9;19,4;59,8;129,0;619,1;3048,6;611,8;8,0;A;
2016-01-11T18:00;21,2;26,9;25,4;33,3;71,8;97,5;725,6;3610,9;727,2;15,5;12,1;23,7;19,9;23,9;62,4;121,8;667,9;3134,0;654,4;11,0;A;
2016-01-11T19:00;20,9;27,2;23,5;29,3;71,2;102,8;715,7;3578,4;714,6;13,7;22,2;24,3;17,8;27,3;67,8;226,3;712,0;3440,8;689,1;12,5;A;
2016-01-11T20:00;19,3;20,8;21,2;21,6;69,8;98,3;687,3;3450,1;691,3;10,6;27,4;25,9;27,7;29,9;75,9;273,3;761,5;3890,5;722,2;14,0;A;
2016-01-11T21:00;19,3;20,4;17,3;21,2;69,9;95,7;696,8;3457,0;689,6;10,8;28,6;32,5;26,1;34,3;82,7;304,9;775,3;3963,2;796,7;16,0;A;
2016-01-11T22:00;18,7;20,5;16,5;22,1;68,4;95,9;673,3;3415,7;678,4;10,0;36,5;43,6;40,6;44,7;88,5;398,8;867,6;4391,6;916,9;21,0;A;
2016-01-11T23:00;17,4;15,6;18,7;15,6;67,7;99,6;675,4;3321,1;675,3;8,4;42,7;47,4;45,9;40,6;94,5;454,5;954,8;4703,2;925,2;22,0;A;
2016-01-12T00:00;16,1;10,5;17,1;9,1;66,3;91,1;659,8;3312,4;667,2;6,4;30,6;23,9;29,9;24,3;78,8;297,8;819,9;4077,5;775,7;12,5;A;
2016-01-12T01:00;15,1;11,9;14,1;8,1;64,5;100,8;649,9;3223,1;653,1;4,5;35,3;31,4;29,6;24,2;81,6;328,0;800,8;4256,9;805,0;14,0;A;
2016-01-12T02:00;14,7;11,3;12,6;12,2;65,4;91,6;642,3;3227,6;653,7;5,7;31,8;29,2;33,5;32,7;80,6;373,2;867,8;4367,7;844,4;15,5;A;
2016-01-12T03:00;14,5;12,0;11,9;7,3;65,7;103,8;644,0;3264,8;642,5;5,7;36,6;31,8;32,9;26,7;82,5;326,8;889,5;4352,0;855,5;16,5;A;
2016-01-12T04:00;14,4;11,1;12,0;6,6;65,7;104,4;641,4;3230,2;641,3;6,1;37,9;34,8;37,8;28,8;90,9;368,1;900,5;4502,7;859,6;17,5;A;
2016-01-12T05:00;14,2;13,8;15,5;10,6;65,7;99,2;646,7;3283,1;645,4;7,1;41,8;42,3;35,5;34,4;88,1;415,2;935,7;4365,8;918,0;19,5;A;
2016-01-12T06:00;15,8;15,2;17,3;17,9;66,0;97,1;666,1;3306,5;664,7;9,0;39,9;39,5;45,3;44,5;93,4;423,8;896,0;4683,2;953,6;21,0;A;
2016-01-12T07:00;16,9;18,1;23,5;22,7;67,4;93,5;669,6;3316,8;668,3;10,2;46,0;49,0;51,7;53,0;94,7;414,5;911,9;4680,6;975,3;23,5;A;
2016-01-12T08:00;18,2;20,6;23,3;25,9;68,2;92,6;679,2;3405,0;673,2;11,0;46,2;47,4;51,6;59,7;98,2;444,7;981,2;4960,7;942,6;25,0;A;
2016-01-12T09:00;18,8;26,4;25,1;32,9;68,6;103,2;674,4;3368,6;688,8;12,7;47,5;47,8;48,4;59,2;95,8;448,0;932,2;4616,0;936,1;25,5;A;
2016-01-12T10:00;19,1;29,0;28,1;35,1;69,1;194,4;694,2;3468,6;690,7;13,8;44,7;51,1;52,2;59,0;91,6;423,7;888,1;4763,8;955,6;25,0;;
2016-01-12T11:00;19,9;24,7;24,9;32,6;68,2;188,4;692,7;3484,1;683,8;12,2;42,4;44,3;48,7;53,2;89,6;430,8;922,5;4386,3;877,7;23,0;;
2016-01-12T12:00;20,8;25,6;27,8;30,1;71,6;208,2;710,2;3520,3;709,3;12,9;33,9;37,4;40,1;46,0;87,4;362,0;866,1;4400,5;848,7;20,0;;
2016-01-12T13:00;21,3;28,5;27,4;36,5;72,0;222,5;716,7;3611,9;712,0;13,9;27,7;36,7;33,9;39,1;78,7;318,0;775,0;3821,8;778,5;18,0;;
2016-01-12T14:00;22,7;27,8;25,9;35,3;71,9;218,0;724,1;3573,3;720,2;14,5;23,0;34,6;27,6;34,3;62,8;263,5;722,0;3678,4;718,9;16,0;A;
2016-01-12T15:00;22,6;29,6;27,7;34,1;72,2;229,2;729,9;3647,2;735,7;15,8;22,8;28,9;25,7;35,4;72,5;169,3;707,0;3360,6;708,3;14,0;;
2016-01-12T16:00;23,8;33,3;28,6;34,2;73,3;243,2;742,5;3714,1;739,3;15,2;13,5;25,8;15,2;22,5;68,2;171,9;621,9;3390,8;645,5;11,5;;
2016-01-12T17:00;23,9;27,5;25,8;32,5;73,6;235,1;734,1;3627,3;734,0;15,0;13,5;18,1;13,9;19,3;61,0;86,6;589,0;2823,0;571,7;8,0;;
2016-01-12T18:00;21,3;30,2;23,1;32,5;71,4;222,9;714,1;3612,1;721,3;14,0;14,7;23,0;14,1;25,5;67,8;153,1;666,3;3332,4;675,3;11,0;;
2016-01-12T19:00;21,9;24,7;13,0;26,8;71,4;218,3;712,8;3565,4;711,9;13,0;23,5;26,2;24,0;23,9;70,2;200,0;708,3;3529,8;684,4;12,5;A;
2016-01-12T20:00;18,5;22,1;19,4;23,1;69,7;197,5;687,5;3447,9;691,0;11,0;22,3;27,0;29,5;27,8;73,0;257,4;776,0;3717,0;745,1;14,0;;
2016-01-12T21:00;19,7;19,3;20,4;21,0;69,8;188,5;693,1;3426,7;688,3;9,6;27,6;28,8;26,6;34,4;78,8;324,4;801,5;4032,0;790,7;16,0;;
2016-01-12T22:00;18,3;18,8;19,0;18,4;67,4;184,9;676,2;3371,7;678,8;9,3;40,7;39,6;42,1;45,8;90,9;374,7;901,5;4329,1;892,9;21,0;;
2016-01-12T23:00;16,6;16,5;15,6;17,3;67,3;174,4;677,4;3309,0;664,8;7,4;43,8;40,6;47,9;42,0;91,6;472,5;925,3;4820,5;952,0;22,0;;
2016-01-13T00:00;15,2;10,7;16,8;10,5;66,2;168,6;667,6;3320,7;661,7;6,5;29,4;24,4;27,2;28,1;82,3;304,9;792,6;3885,0;823,9;12,5;;
2016-01-13T01:00;14,9;9,8;13,6;11,7;64,3;143,5;648,0;3218,2;646,6;6,5;35,4;27,8;34,4;23,6;80,6;355,1;800,6;4070,9;820,2;14,0;;
2016-01-13T02:00;14,4;10,5;13,8;8,4;64,8;143,9;653,0;3247,4;641,8;5,9;35,5;31,1;31,9;30,6;83,8;324,3;835,7;4179,9;871,6;15,5;;
2016-01-13T03:00;15,0;14,1;9,4;8,0;65,0;148,2;644,4;3264,8;643,8;6,6;33,6;30,6;28,2;25,8;85,0;386,2;870,6;4155,7;883,8;16,5;;
2016-01-13T04:00;14,6;12,1;12,4;10,6;65,4;147,2;643,5;3261,7;653,6;6,3;35,1;38,4;35,1;29,9;85,2;410,5;845,3;4289,9;895,7;17,5;;
2016-01-13T05:00;15,3;14,8;12,6;15,1;64,3;142,3;646,2;3258,0;658,3;6,5;40,3;36,7;41,6;36,0;87,3;401,0;899,0;4518,2;925,2;19,5;;
2016-01-13T06:00;15,2;16,1;16,9;17,1;65,1;155,1;662,9;3272,0;666,0;7,2;45,3;27,4;44,8;45,0;94,4;418,2;909,0;4698,8;900,6;21,0;A;
2016-01-13T07:00;17,6;19,0;22,8;23,2;66,8;163,4;674,8;3344,7;676,2;9,1;47,3;48,9;50,1;53,1;93,0;407,5;974,6;4869,9;932,3;23,5;;
2016-01-13T08:00;18,8;22,7;25,1;26,5;67,7;185,6;680,6;3402,4;684,8;10,9;45,9;48,9;55,2;58,6;92,4;489,5;925,9;4797,9;981,8;25,0;;
2016-01-13T09:00;18,6;23,2;25,6;30,8;68,8;187,7;686,4;3424,3;678,6;13,3;45,1;50,3;50,7;60,1;95,8;422,0;954,2;4680,9;918,0;25,5;;
2016-01-13T10:00;18,1;26,7;26,6;35,7;68,3;187,7;694,6;3427,8;687,6;13,1;38,6;48,2;52,1;61,0;95,5;450,5;888,6;4692,0;951,2;25,0;;
2016-01-13T11:00;18,9;26,3;25,4;32,2;68,7;190,7;686,2;3473,9;689,8;12,7;40,2;48,5;43,6;52,3;87,9;383,3;915,6;4380,5;911,6;23,0;;
2016-01-13T12:00;20,6;26,8;26,1;30,7;70,5;208,8;705,8;3563,9;711,4;12,0;31,9;41,4;41,9;42,2;85,2;365,1;820,9;4078,0;876,0;20,0;;
2016-01-13T13:00;21,9;27,0;29,0;34,3;71,4;215,0;717,8;3560,4;723,8;13,9;27,5;39,3;39,8;45,5;81,6;335,7;779,7;4029,3;790,6;18,0;;
2016-01-13T14:00;11,3;28,2;27,2;32,9;71,3;222,3;728,6;3599,7;715,9;14,0;27,5;33,6;27,1;38,9;76,5;273,3;748,8;3664,5;727,5;16,0;A;
2016-01-13T15:00;22,6;32,9;27,4;37,1;35,3;238,2;732,2;3644,8;728,8;14,6;17,3;26,2;25,6;35,1;68,5;175,4;718,2;3582,8;722,0;14,0;A;
2016-01-13T16:00;24,7;33,4;25,4;35,4;35,9;244,9;744,9;3672,2;737,3;15,0;13,6;25,3;20,3;28,4;66,5;147,8;670,4;3298,4;635,5;11,5;A;
2016-01-13T17:00;22,8;28,6;25,3;29,3;31,7;223,1;721,4;3657,3;737,8;13,8;9,3;18,9;10,3;21,3;60,8;125,3;622,6;2828,0;619,2;8,0;A;
2016-01-13T18:00;22,0;29,8;24,7;31,6;30,5;218,9;719,3;3564,2;727,3;14,6;12,6;21,1;17,3;21,7;62,2;136,8;676,7;3079,0;616,6;11,0;A;
2016-01-13T19:00;20,7;27,2;21,0;24,4;27,9;206,2;717,6;3507,4;704,1;13,0;21,1;24,3;24,0;22,1;67,2;204,3;683,9;3618,5;688,4;12,5;A;
2016-01-13T20:00;19,2;20,1;21,4;25,1;22,6;193,0;696,5;3480,1;690,3;11,9;24,4;30,3;25,9;32,0;73,9;218,7;747,2;3866,1;785,3;14,0;A;
2016-01-13T21:00;18,2;21,4;18,2;20,8;21,0;198,9;693,2;3435,0;696,3;9,6;26,7;29,9;30,7;28,6;79,1;332,2;784,0;3854,5;805,2;16,0;A;
2016-01-13T22:00;18,5;19,4;19,2;21,9;19,9;174,5;677,1;3423,8;675,2;10,2;41,0;43,9;40,3;40,3;90,4;364,3;893,8;4550,2;881,7;21,0;A;
2016-01-13T23:00;16,5;14,1;17,2;15,4;16,3;173,2;676,9;3364,4;664,6;8,3;41,5;40,8;42,0;41,0;92,7;425,6;981,4;4596,9;966,1;22,0;A;
2016-01-14T00:00;16,1;10,7;15,3;10,8;11,6;154,4;654,4;3328,3;667,3;6,2;29,1;23,8;33,2;28,9;82,3;300,9;823,3;3971,0;832,7;12,5;A;
2016-01-14T01:00;14,2;12,6;14,6;10,5;65,2;155,4;653,2;3238,3;641,4;6,4;34,0;29,7;28,9;26,4;84,9;349,4;848,3;4129,7;844,1;14,0;;
2016-01-14T02:00;14,5;30,6;12,2;11,5;65,3;144,5;647,4;3282,0;647,5;7,0;33,9;32,8;35,5;27,7;86,4;356,0;822,9;4202,6;815,3;15,5;A;
2016-01-14T03:00;15,7;12,2;9,5;6,9;64,8;146,7;656,8;3243,8;654,8;5,5;33,6;32,0;35,7;26,1;83,9;371,5;888,9;4419,0;883,2;16,5;;
2016-01-14T04:00;15,4;11,9;13,3;6,9;65,1;142,5;654,0;3241,4;656,5;6,2;37,2;33,9;35,7;30,8;85,1;366,6;871,4;4423,1;867,2;17,5;;
2016-01-14T05:00;15,8;15,1;14,2;13,8;65,1;151,7;648,6;3224,1;643,2;7,6;37,5;40,6;35,7;39,4;88,2;370,6;933,9;4336,0;921,2;19,5;;
2016-01-14T06:00;16,8;15,2;15,6;17,8;65,4;159,3;661,2;3341,9;662,7;8,7;45,4;39,6;41,8;44,7;90,8;412,0;947,0;4437,8;918,9;21,0;;
2016-01-14T07:00;16,5;21,5;21,0;27,6;66,7;178,2;663,3;3331,6;666,3;9,5;44,6;49,3;52,9;50,0;95,3;475,1;957,8;4554,0;934,8;23,5;;
2016-01-14T08:00;18,8;23,5;23,0;27,1;68,7;178,1;685,5;3437,4;688,4;10,0;42,6;52,2;55,4;58,0;94,1;487,9;990,1;4729,3;935,0;25,0;;
2016-01-14T09:00;17,2;25,5;26,4;30,6;68,1;184,4;686,2;3369,3;680,5;12,0;46,1;53,6;48,6;59,1;92,2;404,0;950,8;4608,9;916,5;25,5;;
2016-01-14T10:00;19,9;28,1;27,1;34,9;68,2;184,7;694,7;3409,6;692,0;12,9;43,5;52,5;49,7;55,5;92,9;395,9;905,6;4520,1;924,8;25,0;;
2016-01-14T11:00;18,2;23,2;24,8;33,2;68,6;186,4;693,4;3415,9;688,4;12,1;42,3;47,9;44,1;53,0;92,9;398,0;867,2;4531,1;926,8;23,0;;
2016-01-14T12:00;20,4;24,2;27,9;31,0;71,1;201,2;712,2;3516,8;716,1;13,8;36,5;41,2;41,2;43,9;83,0;333,8;827,6;4421,0;839,2;20,0;;
2016-01-14T13:00;22,7;29,3;27,7;35,5;71,8;227,8;714,4;3565,7;714,1;13,8;28,3;38,1;32,1;40,8;81,3;288,6;800,7;4057,4;788,3;18,0;;
2016-01-14T14:00;22,3;28,0;28,1;33,1;71,2;215,0;722,2;4008,1;714,5;13,8;26,7;30,6;33,4;34,4;78,3;251,1;731,4;3743,6;782,4;16,0;A;
2016-01-14T15:00;22,4;29,0;25,5;37,3;73,2;228,2;728,0;3644,4;727,3;15,6;23,1;24,5;22,2;35,6;71,9;224,6;664,8;3563,1;669,0;14,0;;
2016-01-14T16:00;24,8;33,2;25,8;35,1;73,5;242,6;740,8;3684,2;745,6;16,7;18,0;21,9;19,3;25,1;65,9;135,6;666,8;3287,5;679,1;11,5;;
2016-01-14T17:00;23,2;27,8;25,1;32,3;39,8;222,5;738,0;3655,0;738,4;14,2;7,5;19,3;15,7;21,9;58,7;124,1;573,2;3077,4;567,8;8,0;A;
2016-01-14T18:00;21,1;30,6;24,0;31,2;72,5;229,0;725,0;3584,5;715,4;14,4;15,4;24,1;14,6;24,9;61,7;142,4;669,2;3122,4;625,0;11,0;;
2016-01-14T19:00;20,8;25,0;23,3;27,6;71,2;204,2;714,0;3592,0;717,5;13,1;37,5;22,5;19,0;27,2;69,7;228,7;716,9;3349,0;729,9;12,5;A;
2016-01-14T20:00;19,1;20,4;18,6;20,8;69,0;186,6;698,7;3474,3;689,0;11,1;47,0;30,8;26,6;27,4;73,1;280,0;731,7;3671,0;769,9;14,0;A;
2016-01-14T21:00;19,6;20,0;20,6;22,7;68,4;190,8;698,2;3485,5;694,3;10,6;46,8;29,7;29,1;34,2;81,7;319,8;822,3;3972,8;777,5;16,0;A;
2016-01-14T22:00;17,5;19,7;18,9;17,5;68,7;181,0;674,0;3388,3;679,1;10,6;58,3;40,0;37,0;41,4;92,2;428,7;884,8;4552,0;867,6;21,0;A;
2016-01-14T23:00;16,7;17,9;16,3;17,8;67,1;171,1;668,5;3367,1;674,7;7,5;66,3;43,8;44,2;42,5;91,5;433,4;926,3;4766,9;962,6;22,0;A;
2016-01-15T00:00;15,1;9,7;15,2;12,9;66,3;166,8;667,3;3285,7;651,6;6,5;30,9;24,9;26,9;21,6;78,8;322,7;811,3;4118,2;806,9;12,5;;
2016-01-15T01:00;14,5;9,4;15,7;12,1;65,7;143,9;643,2;3247,2;653,2;6,3;34,0;31,3;27,4;25,2;85,5;293,8;818,0;4259,0;815,3;14,0;;
2016-01-15T02:00;15,1;13,5;14,0;11,6;65,6;142,9;644,1;3208,8;658,9;6,0;37,4;30,0;30,4;28,0;85,8;344,8;840,3;4287,8;848,2;15,5;;
2016-01-15T03:00;15,0;13,4;11,3;10,2;64,7;143,0;655,7;3212,6;649,4;5,3;32,5;32,7;33,3;26,0;89,6;359,7;834,8;4396,4;890,1;16,5;;
2016-01-15T04:00;14,5;10,4;12,8;7,0;64,5;146,9;644,3;3275,1;651,2;20,4;36,6;35,1;36,1;28,0;88,9;397,6;909,8;4391,9;909,6;17,5;A;
2016-01-15T05:00;15,4;13,1;12,6;11,6;65,8;147,3;646,6;3206,4;650,5;7,9;38,3;36,1;35,5;34,9;87,8;371,0;885,3;4400,5;892,6;19,5;;
2016-01-15T06:00;15,2;14,2;15,5;19,0;65,4;156,4;668,9;3340,3;660,5;8,9;44,5;40,2;39,1;42,6;92,2;454,1;927,7;4470,9;895,5;21,0;;
2016-01-15T07:00;16,2;22,1;23,3;27,3;66,1;175,8;678,7;3353,1;677,3;9,6;43,3;50,4;51,3;51,8;95,4;458,0;959,9;4811,5;913,3;23,5;;
2016-01-15T08:00;18,8;20,3;24,7;26,2;68,7;177,8;679,2;3419,0;674,8;10,7;47,9;47,9;53,4;59,1;93,0;431,9;969,8;4921,0;939,3;25,0;;
2016-01-15T09:00;18,4;25,5;24,4;34,1;68,7;176,3;683,0;3410,8;689,0;12,0;44,5;51,3;52,1;59,9;93,6;415,4;907,2;4824,6;973,4;25,5;;
2016-01-15T10:00;19,3;25,6;25,6;37,1;68,7;190,8;693,4;3436,1;690,8;12,6;44,1;51,9;51,2;56,3;93,7;386,5;949,4;4591,5;942,6;25,0;;
2016-01-15T11:00;18,9;24,3;27,6;34,1;68,3;181,8;692,4;3450,1;690,6;13,2;40,6;45,4;48,3;52,8;89,7;411,0;910,3;4347,0;913,2;23,0;;
2016-01-15T12:00;21,2;28,0;27,5;12,3;71,0;203,7;703,8;3506,1;704,4;12,3;37,5;38,6;44,8;43,5;85,3;358,9;862,3;4318,1;840,8;20,0;A;
2016-01-15T13:00;22,2;29,6;27,0;33,9;72,8;219,1;716,6;3601,6;722,2;14,9;28,2;36,9;35,6;41,5;76,6;331,1;813,9;4134,3;803,6;18,0;;
2016-01-15T14:00;22,8;30,3;27,4;33,3;71,4;217,0;716,5;3622,1;720,8;14,5;28,2;31,2;27,0;38,4;71,9;255,3;754,2;3893,3;758,8;16,0;;
2016-01-15T15:00;22,4;32,4;26,9;35,5;72,7;227,4;736,0;3629,7;735,9;15,7;21,8;31,3;22,8;35,9;71,7;217,6;685,8;3526,3;689,1;14,0;;
2016-01-15T16:00;23,8;31,8;27,7;36,0;73,7;232,7;735,2;3742,1;732,9;15,0;15,4;23,9;16,4;27,8;64,9;156,2;684,9;3162,3;655,9;11,5;;
2016-01-15T17:00;23,4;26,9;25,9;29,7;72,9;230,8;726,5;3635,3;722,7;14,4;9,3;16,6;13,3;14,0;48,1;117,4;588,7;3076,2;606,8;8,0;A;
2016-01-15T18:00;21,4;28,0;25,2;33,5;72,3;220,5;717,0;3595,2;721,3;13,6;17,1;21,0;20,6;26,2;48,9;179,9;615,4;3246,0;627,5;11,0;A;
2016-01-15T19:00;21,0;25,8;22,2;26,4;70,8;217,3;715,5;3549,9;704,4;12,9;22,7;24,0;22,5;22,4;49,6;224,7;692,9;3621,9;694,0;12,5;A;
2016-01-15T20:00;19,5;20,6;20,2;25,5;68,8;194,8;690,0;3427,1;696,2;10,8;27,9;30,4;27,0;31,5;52,0;265,1;774,6;3658,6;772,5;14,0;A;
2016-01-15T21:00;19,9;23,1;17,9;19,9;69,4;191,9;697,8;3415,8;693,6;10,6;26,5;29,0;33,9;31,0;46,5;329,0;797,4;4070,6;807,9;16,0;A;
2016-01-15T22:00;18,7;18,6;19,0;17,9;68,6;184,2;681,9;3379,9;673,8;10,7;42,0;44,3;39,7;45,7;89,6;415,0;932,3;4541,5;919,1;21,0;;
2016-01-15T23:00;16,4;14,0;15,9;14,6;66,8;161,7;663,2;3365,2;661,2;7,2;46,7;42,8;47,0;41,5;95,6;446,0;975,8;4828,4;939,1;22,0;;
2016-01-16T00:00;16,3;12,6;17,7;12,6;65,7;157,2;668,7;3266,3;662,0;4,5;26,9;24,1;28,1;25,6;78,4;332,9;833,4;4053,2;772,4;12,5;;
2016-01-16T01:00;14,2;11,5;12,9;8,2;65,4;148,4;657,5;3237,9;643,6;6,0;32,1;30,3;31,8;26,0;82,4;293,8;798,8;4061,1;842,3;14,0;;
2016-01-16T02:00;24,3;12,8;11,3;8,5;65,6;149,0;657,7;3207,9;645,2;6,4;34,7;32,9;28,9;27,3;85,1;366,7;805,6;4085,9;806,0;15,5;A;
2016-01-16T03:00;14,3;10,6;10,0;5,8;64,9;146,0;653,4;3241,7;642,7;6,1;33,8;30,1;35,8;31,7;83,1;337,6;873,4;4286,6;847,8;16,5;;
2016-01-16T04:00;15,0;13,1;13,4;8,9;40,8;151,5;651,9;3279,2;643,2;5,3;37,4;34,0;37,2;35,8;88,7;397,7;907,5;4407,1;861,7;17,5;A;
2016-01-16T05:00;14,2;14,9;13,8;13,2;64,9;141,1;657,5;3261,6;643,3;7,6;38,4;40,9;38,5;36,6;93,5;428,8;894,7;4511,6;899,2;19,5;;
2016-01-16T06:00;16,3;17,0;18,3;15,2;66,4;160,4;659,8;3320,8;665,1;8,0;42,7;44,8;44,6;39,1;93,9;421,7;922,9;4608,2;946,7;21,0;;
2016-01-16T07:00;16,3;18,8;22,3;26,8;66,6;175,6;673,4;3311,6;662,8;10,8;44,5;48,2;52,5;49,1;94,8;425,5;907,1;4614,6;906,3;23,5;;
2016-01-16T08:00;18,6;22,0;25,2;25,8;68,9;181,5;683,9;3443,7;672,8;12,0;43,5;48,7;53,9;54,7;94,1;431,5;994,4;4665,2;988,1;25,0;;
2016-01-16T09:00;18,1;27,1;26,2;31,4;68,2;174,8;671,2;3399,9;672,2;12,4;42,6;48,3;53,8;60,3;91,9;405,4;963,6;4552,6;938,9;25,5;;
2016-01-16T10:00;18,6;26,2;27,1;35,9;69,3;183,2;686,3;3410,1;689,3;14,3;41,7;51,8;46,5;56,8;91,2;437,3;929,7;4776,9;923,5;25,0;;
2016-01-16T11:00;18,7;27,1;26,3;34,1;69,0;193,3;684,4;3426,6;684,8;12,8;39,2;47,9;44,5;50,6;92,1;401,4;925,4;4612,0;918,6;23,0;;
2016-01-16T12:00;21,2;27,7;26,1;31,2;70,5;215,7;704,2;3567,1;710,4;12,9;36,7;36,8;44,3;49,8;84,3;227,7;828,8;4184,5;857,2;20,0;A;
2016-01-16T13:00;21,8;29,4;29,5;33,1;72,3;224,2;713,0;3559,2;718,2;13,4;31,6;36,2;33,5;41,1;81,9;266,1;830,4;4150,6;824,4;18,0;;
2016-01-16T14:00;22,0;27,7;25,5;32,9;71,5;212,9;723,7;3607,3;711,7;15,4;27,0;34,5;30,3;40,0;77,4;239,8;755,2;3628,3;765,1;16,0;;
2016-01-16T15:00;23,9;29,6;27,7;36,1;72,7;230,6;735,2;3647,1;738,5;16,1;21,0;24,7;25,0;28,7;69,7;188,2;704,3;3346,6;669,7;14,0;;
2016-01-16T16:00;23,3;32,5;26,7;33,7;74,4;243,8;735,6;3690,6;736,5;16,6;11,7;22,4;15,5;29,4;66,8;128,6;639,5;3099,3;658,7;11,5;;
2016-01-16T17:00;23,9;29,5;24,2;30,3;73,2;237,0;738,2;3616,8;726,4;13,9;9,8;17,4;12,6;14,7;59,3;127,8;593,7;2888,7;596,2;8,0;;
2016-01-16T18:00;21,5;31,1;25,4;33,2;72,5;220,0;513,4;3635,0;717,1;14,7;17,7;25,4;14,3;24,6;66,9;168,3;620,9;3271,4;629,6;11,0;A;
2016-01-16T19:00;21,1;27,4;20,4;29,1;70,2;204,5;712,9;3578,0;718,6;12,2;17,2;24,2;22,3;29,3;72,1;195,5;732,9;3407,7;723,3;12,5;;
2016-01-16T20:00;19,5;23,5;21,5;24,2;68,5;181,1;697,5;3418,5;697,6;11,4;28,2;30,3;22,5;25,6;71,8;229,0;738,7;3595,2;737,8;24,0;A;
2016-01-16T21:00;19,1;21,3;18,0;22,6;69,1;190,8;698,5;3428,6;684,3;10,4;27,4;34,9;29,7;30,6;77,0;275,0;775,4;3907,9;832,3;26,0;A;
2016-01-16T22:00;17,1;19,7;19,3;17,3;67,5;171,6;676,4;3379,4;672,6;9,9;40,3;43,3;36,9;46,1;91,5;413,1;878,5;4491,6;919,6;31,0;A;
2016-01-16T23:00;17,5;14,2;16,3;16,0;66,8;168,8;678,9;3352,3;664,0;7,9;46,9;41,7;43,7;45,0;94,4;415,5;978,9;4790,0;984,1;32,0;A;
2016-01-17T00:00;16,1;11,2;15,0;12,6;66,3;159,9;655,1;3339,1;664,5;5,7;33,2;24,9;26,3;28,6;81,8;330,2;820,2;4072,6;765,8;22,5;A;
2016-01-17T01:00;14,6;12,2;14,5;11,5;65,2;147,3;649,1;3215,8;658,1;4,8;33,4;28,6;32,2;30,2;78,6;320,1;824,5;4205,4;796,6;24,0;A;
2016-01-17T02:00;14,8;14,0;14,2;10,0;64,2;148,8;658,8;3254,4;646,5;5,8;31,5;30,7;35,2;25,9;81,2;330,8;834,5;4075,6;836,4;25,5;A;
2016-01-17T03:00;15,6;12,6;12,7;10,1;64,7;154,2;651,8;3273,5;642,9;6,3;35,8;30,0;32,8;29,6;86,2;333,3;871,5;4315,2;888,4;16,5;;
2016-01-17T04:00;15,2;12,6;12,6;8,5;65,2;144,6;656,4;3215,5;652,1;5,0;36,9;35,3;32,9;34,3;87,0;374,3;852,3;4445,4;902,4;17,5;;
2016-01-17T05:00;15,2;-13,8;13,6;15,0;64,8;157,1;641,7;3220,0;647,0;7,4;42,2;41,0;37,7;36,5;90,6;394,9;919,4;4604,5;901,4;19,5;A;
2016-01-17T06:00;16,1;17,6;16,1;18,0;65,3;65,2;662,1;3266,0;663,4;7,3;39,4;38,9;46,7;45,9;94,5;395,1;907,2;4511,2;887,0;21,0;A;
2016-01-17T07:00;17,9;20,2;23,6;25,7;66,2;61,0;672,6;3355,7;667,5;9,4;42,6;47,2;45,7;48,8;92,2;470,3;938,8;4624,4;961,3;23,5;A;
2016-01-17T08:00;17,5;21,6;25,5;29,4;68,6;60,1;672,4;3413,6;687,7;11,7;48,3;50,5;50,2;57,3;97,1;458,0;933,2;4886,3;965,6;25,0;A;
2016-01-17T09:00;18,7;25,6;26,0;32,5;68,3;67,9;684,8;3401,7;679,0;12,9;43,4;51,7;49,1;57,7;97,0;448,3;944,8;4591,0;952,0;25,5;A;
2016-01-17T10:00;19,2;27,3;27,3;34,2;68,5;70,5;690,3;3450,1;693,4;12,9;40,5;46,8;47,4;54,4;93,3;444,8;912,5;4755,5;927,4;25,0;A;
2016-01-17T11:00;18,7;23,6;26,1;34,4;68,9;62,7;690,2;3462,4;682,6;12,3;41,0;47,0;43,1;50,6;88,9;430,5;876,0;4385,9;900,0;23,0;A;
2016-01-17T12:00;20,6;24,7;25,5;33,6;70,5;70,7;706,9;3590,6;712,8;13,1;33,0;38,0;40,1;46,4;87,6;379,0;837,2;4196,5;854,3;20,0;A;
2016-01-17T13:00;21,5;29,7;29,1;34,5;71,8;223,1;728,9;3560,9;715,7;14,7;31,2;34,1;36,8;39,4;83,0;292,3;825,9;3870,9;768,6;18,0;;
2016-01-17T14:00;21,6;28,3;28,2;32,8;71,8;216,1;714,0;3596,7;719,2;-13,7;28,5;31,6;27,0;34,9;77,9;283,3;717,4;3677,0;774,2;16,0;A;
2016-01-17T15:00;23,3;32,9;25,6;34,6;72,3;238,6;732,1;3649,1;725,5;16,0;18,6;29,6;21,2;32,6;73,5;184,3;712,3;3523,9;690,2;14,0;;
2016-01-17T16:00;23,5;33,8;25,7;32,4;74,2;236,8;732,8;3687,1;732,0;16,5;16,8;23,2;19,8;26,5;64,8;138,5;635,8;3086,5;647,1;11,5;;
2016-01-17T17:00;23,8;27,4;25,8;30,3;72,9;227,3;729,5;3674,8;730,6;13,7;11,4;14,0;11,2;21,2;59,3;107,4;573,9;3052,4;620,4;8,0;;
2016-01-17T18:00;22,3;27,6;24,8;28,9;72,6;228,3;712,6;3609,5;723,5;14,6;12,8;23,9;15,1;26,7;66,7;168,6;668,3;3340,8;678,1;11,0;;
2016-01-17T19:00;21,0;27,8;20,7;26,2;70,7;210,9;703,9;3581,9;707,0;13,0;19,9;28,4;24,3;22,8;71,3;182,6;673,2;3420,2;697,9;12,5;;
2016-01-17T20:00;18,9;24,0;21,0;22,1;69,4;196,4;687,9;3466,1;692,3;11,6;25,5;28,0;26,8;25,4;73,7;231,7;737,7;3916,2;772,2;14,0;;
2016-01-17T21:00;19,6;20,2;19,0;18,7;68,8;192,9;695,4;3420,2;696,8;9,6;27,7;33,5;28,8;35,8;82,4;316,4;794,7;4102,2;827,3;16,0;;
2016-01-17T22:00;18,5;19,8;17,6;20,5;67,3;172,7;673,2;3355,4;683,6;9,9;41,0;40,1;36,6;39,7;86,5;432,0;866,6;4609,6;901,4;21,0;;
2016-01-17T23:00;17,5;15,4;17,9;18,1;67,1;161,5;661,7;3317,3;671,6;8,2;44,7;44,9;41,5;42,0;96,4;439,9;983,6;4864,0;933,9;22,0;;
2016-01-18T00:00;15,3;10,9;15,4;8,7;65,3;169,0;667,4;3306,7;656,6;4,5;33,3;27,9;32,2;24,9;80,9;323,8;795,1;3916,1;811,5;12,5;;
2016-01-18T01:00;15,1;12,8;14,8;2,4;64,7;156,7;643,7;3209,8;651,7;5,0;34,3;25,2;32,2;25,1;81,9;351,4;832,9;4258,9;838,4;14,0;A;
2016-01-18T02:00;14,2;13,5;14,5;-2,4;65,8;153,7;650,9;3233,0;643,2;6,3;37,5;29,3;28,8;30,0;82,6;344,3;813,3;4327,1;834,3;15,5;A;
2016-01-18T03:00;14,4;11,9;9,8;-0,7;64,4;145,5;649,9;3233,1;649,2;5,2;39,1;32,1;28,6;25,7;86,2;346,3;848,6;4294,8;824,9;16,5;A;
2016-01-18T04:00;15,8;14,0;10,8;-0,7;65,6;155,0;641,3;3208,5;647,1;5,5;39,1;37,5;35,5;35,8;90,5;395,6;874,9;4286,2;907,1;17,5;A;
2016-01-18T05:00;15,6;13,6;14,4;-2,5;65,4;158,8;648,2;3223,2;653,5;6,2;39,9;35,9;39,5;33,9;91,4;416,6;884,3;4668,3;886,2;19,5;A;
2016-01-18T06:00;15,5;16,8;17,4;16,8;65,2;162,0;663,5;3322,7;665,2;7,7;39,8;44,1;44,9;43,0;92,0;434,3;899,7;4518,6;916,9;21,0;;
2016-01-18T07:00;17,6;19,5;20,8;27,3;66,6;167,4;662,4;3309,3;668,1;11,0;46,0;44,3;51,2;54,9;95,7;409,4;941,3;4811,0;929,8;23,5;;
2016-01-18T08:00;18,1;23,8;23,0;30,6;68,5;178,0;681,3;3365,8;677,0;11,0;47,8;48,6;53,8;58,9;95,0;430,0;972,0;4634,0;930,5;25,0;;
2016-01-18T09:00;18,6;26,4;26,6;32,0;67,5;185,3;673,2;3408,6;682,9;13,5;43,6;50,6;48,6;62,1;91,1;429,4;930,8;4877,7;949,0;25,5;;
2016-01-18T10:00;18,9;27,5;28,1;37,3;69,3;187,6;682,6;3470,3;688,4;13,2;41,4;47,2;49,9;58,3;94,9;451,9;943,1;4490,2;885,7;25,0;;
2016-01-18T11:00;18,3;26,5;27,2;30,0;69,8;194,1;687,0;3435,8;692,1;11,5;38,3;44,6;49,0;53,6;87,4;407,6;918,0;4387,9;929,5;23,0;;
2016-01-18T12:00;21,8;25,1;26,5;32,5;71,2;218,0;713,1;3514,3;717,7;13,6;34,0;37,6;43,2;47,7;85,9;327,5;874,0;4426,0;842,6;20,0;;
2016-01-18T13:00;21,1;28,1;37,5;32,1;72,7;223,1;726,9;3606,1;726,0;14,6;28,4;37,5;35,1;42,8;77,7;324,5;829,1;4025,9;778,2;18,0;A;
2016-01-18T14:00;22,3;29,8;27,4;32,9;71,6;213,8;725,8;3636,5;715,7;13,9;24,4;31,5;28,2;38,4;75,2;224,4;775,7;3601,5;737,7;16,0;;
2016-01-18T15:00;23,8;29,2;28,1;33,4;72,4;233,7;736,3;3655,0;738,6;14,7;23,5;30,5;23,2;28,8;73,1;164,1;700,0;3588,0;720,9;14,0;;
2016-01-18T16:00;24,5;34,1;26,4;33,3;74,2;232,8;748,3;3664,2;737,6;16,0;13,5;26,4;14,9;29,7;63,0;171,3;620,5;3427,5;666,9;11,5;;
2016-01-18T17:00;22,5;27,5;26,7;30,2;72,7;230,2;733,1;3668,4;738,4;15,2;9,6;14,2;12,0;18,4;59,9;120,5;585,1;3143,9;604,1;8,0;;
2016-01-18T18:00;22,9;29,1;22,5;28,3;72,3;225,7;723,1;3621,9;713,2;15,4;15,5;19,8;17,6;20,2;68,4;171,1;651,3;3113,0;679,4;11,0;;
2016-01-18T19:00;20,7;24,5;20,6;25,4;71,9;218,8;718,1;3570,5;718,9;13,3;23,1;22,1;23,4;27,4;67,7;208,4;714,3;3403,2;666,2;12,5;;
2016-01-18T20:00;18,6;22,6;20,6;25,4;69,8;190,3;684,1;3419,9;682,3;10,6;26,3;28,2;26,2;31,4;74,8;265,8;726,1;3616,3;726,0;14,0;;
2016-01-18T21:00;18,9;22,4;18,5;18,8;69,9;187,9;689,5;3445,1;696,0;9,9;26,8;29,7;32,8;29,0;77,1;277,5;770,9;3903,3;827,4;16,0;;
2016-01-18T22:00;18,7;21,7;19,3;22,4;68,5;174,5;677,8;3388,7;673,0;9,5;38,3;43,0;40,5;41,5;86,8;400,2;890,5;4512,1;882,7;21,0;;
2016-01-18T23:00;16,3;15,5;17,7;16,3;67,0;162,5;791,9;3309,4;666,7;7,0;43,9;46,3;48,1;43,7;92,4;434,5;958,0;4803,2;926,5;22,0;A;
2016-01-19T00:00;15,7;12,2;14,8;11,2;65,8;153,9;652,6;3328,5;668,8;5,0;32,2;22,8;26,4;27,5;77,8;280,2;781,8;4072,6;816,7;12,5;;
2016-01-19T01:00;15,5;9,2;12,9;9,1;65,3;157,0;645,4;3219,8;653,1;5,0;35,1;29,6;30,7;24,5;80,1;343,9;806,9;4277,4;829,6;14,0;;
2016-01-19T02:00;14,5;10,3;14,5;10,9;65,5;156,0;646,8;3258,7;658,3;6,1;34,6;30,1;29,4;26,2;87,4;367,7;827,4;4264,2;869,7;15,5;;
2016-01-19T03:00;15,3;11,0;10,7;8,0;64,6;155,5;656,5;3265,8;650,0;5,1;38,3;32,6;33,8;26,4;85,6;383,5;871,3;4242,6;837,2;16,5;;
2016-01-19T04:00;5,4;12,1;13,0;10,2;65,4;152,2;642,9;3241,8;655,9;6,6;36,0;32,6;31,2;27,9;87,4;349,9;873,0;4389,2;913,0;17,5;A;
2016-01-19T05:00;14,3;13,7;14,0;12,4;65,2;155,8;647,7;3242,0;645,5;6,2;42,0;39,8;37,5;38,8;89,5;372,4;910,2;4361,2;896,0;19,5;;
2016-01-19T06:00;15,9;17,1;15,5;16,0;66,0;151,2;659,1;3261,5;668,3;8,2;41,2;43,5;45,2;39,2;89,3;454,4;932,6;4754,6;908,0;21,0;;
2016-01-19T07:00;17,1;20,2;23,1;26,0;67,2;172,1;668,4;3337,8;664,2;9,5;45,9;47,4;46,9;47,9;93,4;445,4;924,3;4648,4;914,3;23,5;;
2016-01-19T08:00;18,0;21,3;24,1;26,8;67,6;189,0;672,1;3367,0;676,2;11,8;44,2;47,7;48,2;59,3;95,4;470,2;965,9;4702,1;994,0;25,0;;
2016-01-19T09:00;18,0;22,9;26,8;31,5;67,7;173,8;684,9;3367,7;681,9;12,6;46,9;48,7;52,2;55,5;91,7;454,8;936,5;4623,5;968,0;25,5;;
2016-01-19T10:00;19,1;28,6;27,4;36,1;69,3;196,8;689,4;3484,2;695,0;14,0;45,1;49,3;51,9;56,7;94,7;405,8;921,2;4633,0;915,3;25,0;;
2016-01-19T11:00;19,4;23,8;25,8;31,0;69,4;193,4;685,6;3485,3;694,1;11,6;42,2;46,5;50,6;56,5;86,9;408,6;933,9;4548,6;932,4;23,0;;
2016-01-19T12:00;21,6;27,0;26,3;32,1;70,7;201,7;711,3;3587,8;707,5;13,7;34,6;37,8;56,4;42,9;86,3;352,3;834,0;4400,1;815,2;20,0;A;
2016-01-19T13:00;22,7;29,4;27,5;32,2;72,3;217,4;727,4;3638,8;724,3;13,2;30,0;38,3;34,4;40,0;78,2;302,6;779,3;4024,2;787,4;18,0;;
2016-01-19T14:00;21,9;29,0;26,1;33,7;71,5;211,4;725,6;3575,9;728,9;13,9;26,6;35,5;27,4;36,3;75,9;285,8;728,6;3702,3;764,8;16,0;;
2016-01-19T15:00;23,0;29,8;25,5;37,6;72,6;230,9;736,0;3676,0;730,2;15,4;22,3;27,7;26,1;34,8;73,5;230,0;719,5;3359,9;704,8;14,0;;
2016-01-19T16:00;23,1;32,0;28,4;45,9;73,1;234,1;739,0;3728,9;741,9;16,1;16,1;25,8;21,3;26,9;63,8;173,0;681,3;3107,4;679,7;11,5;A;
2016-01-19T17:00;22,6;31,0;25,0;33,6;72,6;222,0;723,5;3616,5;725,8;14,8;6,7;16,7;13,8;18,4;58,0;91,1;566,6;3059,8;601,3;8,0;;
2016-01-19T18:00;21,4;29,9;24,4;29,4;71,1;226,6;724,3;3596,5;726,3;14,7;12,0;23,5;18,1;20,0;63,4;169,6;646,9;3275,4;667,4;11,0;;
2016-01-19T19:00;20,9;27,2;20,9;24,4;70,4;203,6;708,7;3531,4;708,7;13,1;21,2;22,5;24,8;27,1;67,6;221,3;731,4;3487,9;731,6;12,5;;
2016-01-19T20:00;18,2;24,0;21,7;22,0;69,2;187,5;695,6;3459,5;689,4;12,0;24,7;26,2;29,7;32,1;72,7;283,3;730,3;3632,0;717,0;14,0;;
2016-01-19T21:00;18,1;20,4;20,4;22,6;68,5;196,5;681,8;3475,3;686,6;9,7;26,8;32,6;26,4;34,7;80,2;330,1;821,7;63,9;811,5;16,0;A;
2016-01-19T22:00;18,3;18,7;17,1;22,2;67,1;171,7;673,0;3392,0;679,3;9,6;36,6;43,1;39,2;41,0;88,6;370,8;920,9;4443,4;908,0;21,0;;
2016-01-19T23:00;17,4;17,4;17,1;18,7;66,2;246,0;661,4;3309,2;666,3;7,5;47,5;43,9;46,5;42,4;96,1;472,9;967,0;4609,9;978,5;22,0;A;
2016-01-20T00:00;15,5;10,7;14,7;11,0;66,0;259,3;665,5;3324,4;652,2;4,5;30,5;27,2;29,2;27,7;82,5;279,9;817,5;3907,3;772,3;12,5;A;
2016-01-20T01:00;14,7;9,0;12,8;11,2;65,6;262,9;656,4;3240,7;645,9;5,7;33,0;25,2;28,1;25,5;82,2;313,4;792,9;4223,6;805,9;14,0;A;
2016-01-20T02:00;15,4;12,9;12,8;8,2;65,4;266,0;658,3;3236,2;648,8;6,2;35,4;34,3;32,3;25,0;82,1;374,9;852,3;4316,5;836,7;15,5;A;
2016-01-20T03:00;15,0;12,5;11,9;7,4;64,6;270,3;649,2;3294,2;655,5;6,1;38,1;35,3;30,4;26,9;88,1;371,1;851,4;4142,8;894,7;16,5;A;
2016-01-20T04:00;14,3;12,0;11,3;9,9;64,7;252,4;657,9;3270,3;646,2;7,0;37,2;38,3;35,2;28,9;88,2;404,9;850,1;4552,7;873,3;17,5;A;
2016-01-20T05:00;14,1;13,9;15,6;12,2;64,2;154,7;657,4;3225,6;656,2;6,0;37,8;40,8;42,5;38,4;90,5;373,2;877,8;4651,9;873,4;19,5;;
2016-01-20T06:00;16,1;14,8;17,1;19,5;65,2;160,5;660,0;3280,0;651,5;9,0;45,3;41,2;46,7;43,3;88,7;387,9;950,6;4651,5;912,7;21,0;;
2016-01-20T07:00;16,1;19,5;23,2;26,2;-67,8;167,9;675,8;3305,6;668,6;9,2;46,8;48,9;52,8;50,5;92,3;445,5;915,5;4814,0;907,3;23,5;A;
2016-01-20T08:00;17,9;21,1;22,9;28,6;-68,4;183,3;676,2;3359,7;679,2;11,7;45,7;48,4;49,6;53,2;95,5;456,7;953,1;4769,1;927,6;25,0;A;
2016-01-20T09:00;18,6;25,4;26,4;34,9;-68,2;174,9;677,8;3355,1;682,7;12,5;43,6;53,8;55,7;59,1;92,1;470,1;958,2;4623,3;953,9;25,5;A;
2016-01-20T10:00;19,0;26,0;25,7;36,5;-69,9;197,1;697,7;3441,3;681,4;13,1;41,0;49,8;48,8;58,8;94,2;402,0;891,0;4453,7;927,9;25,0;A;
2016-01-20T11:00;18,2;24,7;24,9;29,7;-68,7;193,0;697,6;3461,0;690,8;12,8;36,8;46,0;48,4;52,0;86,6;433,4;926,4;4377,5;874,1;23,0;A;
2016-01-20T12:00;20,9;27,6;28,2;34,6;-70,6;202,0;716,1;3516,8;704,0;13,1;32,5;43,3;39,2;47,9;86,8;384,3;842,4;4298,8;828,8;20,0;A;
2016-01-20T13:00;22,7;28,7;27,0;32,7;71,4;228,3;711,4;3562,4;718,0;13,9;27,8;37,8;32,8;41,4;80,9;281,5;774,6;3838,9;830,1;18,0;;
2016-01-20T14:00;22,8;31,0;27,0;32,5;72,7;228,2;719,6;3997,1;712,3;15,3;25,0;33,2;26,7;38,5;75,2;222,5;776,4;3788,2;758,8;16,0;A;
2016-01-20T15:00;23,0;31,7;28,4;37,3;72,1;232,5;736,1;4021,1;736,7;15,3;18,0;27,1;25,8;31,1;71,5;219,7;703,1;3512,5;709,0;14,0;A;
2016-01-20T16:00;24,8;31,2;27,8;36,3;74,1;245,3;731,9;3973,3;734,4;15,1;15,7;22,3;21,8;22,2;67,7;123,2;625,8;3354,7;621,8;11,5;A;
2016-01-20T17:00;22,7;27,4;26,6;28,4;73,6;234,2;731,3;3973,9;724,8;14,3;9,3;14,2;15,7;17,6;61,8;111,9;599,7;3099,5;624,0;8,0;A;
2016-01-20T18:00;21,5;30,4;24,0;29,4;71,9;214,5;716,5;4033,5;724,4;15,1;18,2;18,9;20,9;26,2;64,4;176,1;614,9;3372,7;653,3;11,0;A;
2016-01-20T19:00;20,4;26,3;23,0;26,7;70,6;202,9;712,3;4043,7;706,5;13,7;17,3;26,8;20,9;25,1;69,3;183,8;700,9;3391,3;678,2;12,5;A;
2016-01-20T20:00;19,5;21,3;20,7;20,9;69,0;189,9;689,5;3975,8;689,2;10,6;22,6;28,9;22,8;31,3;77,7;227,2;730,2;3674,7;753,7;14,0;A;
2016-01-20T21:00;18,3;19,4;18,0;23,1;68,4;183,2;689,6;4029,9;695,7;11,3;28,6;34,1;26,8;35,2;80,8;270,9;818,1;3864,1;794,0;16,0;A;
2016-01-20T22:00;17,5;19,5;18,8;21,0;68,6;186,6;686,6;3967,5;671,6;10,5;38,0;42,7;41,7;44,8;92,3;390,4;933,4;4449,7;929,1;21,0;A;
2016-01-20T23:00;17,2;14,7;18,1;15,5;66,4;175,5;665,3;4017,5;678,3;8,2;44,4;41,0;48,5;42,8;94,8;419,3;943,3;4638,0;917,8;22,0;A;
2016-01-21T00:00;16,2;10,1;17,5;13,2;66,4;157,1;653,8;3275,0;657,4;6,2;33,3;26,0;29,1;25,8;83,1;299,1;833,3;4143,8;797,7;12,5;;
2016-01-21T01:00;14,7;10,2;12,9;11,3;65,2;146,3;652,2;3210,9;657,2;5,1;29,7;25,9;29,6;25,5;79,0;292,9;848,9;4093,8;852,2;14,0;;
2016-01-21T02:00;15,6;11,7;13,7;8,0;64,7;152,3;643,8;3230,1;647,5;6,6;35,6;33,0;30,2;31,6;85,6;364,4;856,8;4225,8;845,4;15,5;;
2016-01-21T03:00;14,2;12,9;9,7;8,9;64,4;156,9;654,1;3223,2;648,5;6,8;36,1;30,3;31,3;32,4;88,6;390,2;835,6;4401,7;863,3;16,5;;
2016-01-21T04:00;15,9;13,8;13,7;8,1;64,5;155,3;658,9;3206,5;651,4;5,8;40,9;32,2;32,2;34,7;87,6;355,1;850,7;4266,7;905,1;17,5;;
2016-01-21T05:00;15,5;14,2;14,9;13,6;65,6;153,7;644,7;3263,8;651,4;8,0;43,4;39,5;40,5;36,2;89,8;415,6;906,3;4479,2;907,1;19,5;;
2016-01-21T06:00;16,4;14,0;15,3;14,4;66,3;164,8;659,4;3303,1;755,9;8,3;41,5;41,9;42,4;45,3;88,7;452,2;902,4;4576,4;914,8;21,0;A;
2016-01-21T07:00;17,5;18,8;31,6;24,1;67,7;166,5;662,6;3316,7;671,5;9,4;46,0;50,1;47,1;53,8;91,8;410,9;955,8;4614,2;930,5;23,5;A;
2016-01-21T08:00;17,3;22,0;23,7;25,4;67,8;179,0;683,8;3432,1;677,8;11,2;43,8;52,2;52,3;57,3;96,4;470,9;991,1;4795,9;968,7;25,0;;
2016-01-21T09:00;18,7;26,2;26,2;34,1;68,2;185,0;675,1;3375,2;672,9;12,3;43,9;52,4;48,1;57,9;94,7;410,3;963,8;4748,5;905,3;25,5;;
2016-01-21T10:00;19,1;27,3;26,9;33,3;69,7;194,6;690,2;3446,5;690,9;12,7;39,9;50,8;51,8;58,8;94,1;429,4;929,1;4619,5;890,9;25,0;;
2016-01-21T11:00;19,2;25,8;26,7;30,9;68,6;187,9;686,1;3489,2;681,0;12,0;42,3;46,6;44,2;50,2;93,1;430,4;918,5;4629,9;932,2;23,0;;
2016-01-21T12:00;21,5;26,9;25,8;29,6;70,3;216,6;705,4;3562,2;711,8;12,0;36,2;39,7;44,8;49,1;86,0;314,8;821,8;4138,7;884,7;20,0;;
2016-01-21T13:00;22,0;27,3;26,6;32,4;72,1;212,4;722,8;3561,9;712,1;14,2;28,7;38,8;34,1;40,7;81,1;282,6;791,7;4137,4;768,6;18,0;;
2016-01-21T14:00;22,5;29,0;26,2;31,4;72,4;224,8;722,2;3640,0;716,6;14,7;22,3;35,1;29,5;38,1;74,7;250,6;777,9;3670,2;771,9;16,0;;
2016-01-21T15:00;22,2;32,7;28,5;37,2;72,6;223,4;723,5;3622,3;721,9;14,9;20,9;29,2;24,3;36,1;68,1;168,4;677,3;3400,6;690,0;14,0;;
2016-01-21T16:00;23,7;32,1;26,9;33,7;73,1;246,2;748,9;3692,5;739,3;17,0;4,3;21,3;21,4;26,1;65,1;141,8;667,2;3301,0;616,3;11,5;A;
2016-01-21T17:00;22,8;27,9;23,9;29,1;72,8;232,0;736,0;3640,0;726,0;14,7;13,4;17,7;14,6;22,0;60,3;119,2;569,1;3162,6;588,7;8,0;;
2016-01-21T18:00;21,5;29,4;25,1;30,9;72,6;212,9;727,6;3613,3;716,4;13,8;16,7;25,2;17,0;25,5;62,9;146,4;672,4;3259,5;664,2;11,0;;
2016-01-21T19:00;20,5;27,3;23,2;25,8;71,1;216,3;707,2;3535,4;710,1;12,9;23,5;27,6;17,6;29,0;69,0;184,0;680,9;3366,1;702,1;12,5;;
2016-01-21T20:00;19,0;21,0;18,6;20,4;68,2;181,8;696,5;3438,4;687,0;10,3;24,8;30,6;29,4;30,5;73,5;272,6;763,7;3602,1;744,5;14,0;;
2016-01-21T21:00;19,1;20,5;19,6;22,5;69,7;186,6;690,1;3467,0;682,5;9,6;33,6;31,0;32,7;32,6;83,0;326,4;794,0;3936,4;784,6;16,0;;
2016-01-21T22:00;17,5;19,2;17,3;21,3;67,2;183,3;684,9;3424,4;680,5;9,6;39,9;39,9;38,2;44,2;93,3;400,7;887,2;4395,8;921,4;21,0;;
2016-01-21T23:00;24,7;14,7;16,2;17,5;67,1;177,8;674,1;3394,8;667,6;7,2;44,2;45,4;43,5;45,1;98,3;449,1;980,5;4623,1;944,5;22,0;A;
2016-01-22T00:00;15,9;12,1;16,6;9,6;65,1;154,0;654,1;3319,1;657,4;6,3;26,9;27,1;33,4;23,0;79,3;333,6;820,1;4008,6;825,0;12,5;;
2016-01-22T01:00;14,9;8,9;14,9;11,7;64,5;144,9;644,8;3212,2;658,2;5,1;32,7;26,3;27,2;25,7;84,5;303,8;847,0;4272,1;793,8;14,0;;
2016-01-22T02:00;14,8;10,7;14,1;8,4;65,1;154,7;645,6;3209,5;648,6;6,5;36,3;31,3;35,8;31,3;85,0;342,1;837,5;4373,9;861,8;15,5;;
2016-01-22T03:00;14,2;12,4;10,3;8,1;64,9;150,2;647,3;3215,8;658,6;6,3;34,3;31,0;32,4;32,2;89,5;385,0;830,2;4328,3;878,3;16,5;;
2016-01-22T04:00;14,3;12,7;10,7;8,6;65,1;153,9;641,7;3256,3;650,9;6,7;38,8;37,2;35,3;30,2;87,2;353,5;858,4;4547,1;892,0;17,5;;
2016-01-22T05:00;14,8;15,1;15,0;10,5;65,0;158,0;641,4;3229,8;653,5;8,0;42,3;42,2;35,1;38,4;87,1;398,3;870,0;4622,4;918,4;19,5;;
2016-01-22T06:00;16,7;18,0;15,4;15,3;66,2;168,3;664,9;3325,7;655,9;8,6;40,0;40,4;41,9;46,2;91,8;395,8;898,2;4674,5;938,2;21,0;;
2016-01-22T07:00;17,0;21,6;22,0;23,2;67,2;166,0;678,5;3024,1;664,1;10,4;44,6;48,7;45,4;54,4;93,4;454,7;914,6;4633,6;929,0;23,5;A;
2016-01-22T08:00;18,7;19,9;23,8;26,6;67,2;186,3;675,3;3368,2;687,7;10,8;48,5;51,5;56,0;58,3;94,0;474,9;931,3;4721,7;981,5;25,0;;
2016-01-22T09:00;17,2;25,9;25,5;32,4;67,5;180,4;684,3;3415,8;678,6;12,2;44,3;48,9;48,9;55,9;93,8;408,1;934,9;4706,2;940,5;25,5;;
2016-01-22T10:00;19,2;26,4;25,9;32,4;68,7;187,2;698,8;3486,8;684,7;13,1;45,0;48,1;49,1;57,0;94,8;455,6;933,5;4649,6;944,4;25,0;;
2016-01-22T11:00;19,3;24,6;26,9;32,6;69,6;187,9;690,4;3430,3;691,9;12,3;43,1;48,6;46,7;54,6;87,8;414,3;869,1;4594,1;895,6;23,0;;
2016-01-22T12:00;20,7;26,1;28,3;34,2;71,4;202,9;706,6;3559,7;709,6;12,1;36,3;41,6;41,4;46,0;81,4;324,4;837,1;4395,1;834,7;20,0;;
2016-01-22T13:00;21,5;26,6;29,2;32,1;72,9;223,0;727,2;3570,6;716,7;14,9;29,8;34,9;37,4;46,0;77,4;296,8;806,5;3931,7;778,3;18,0;;
2016-01-22T14:00;22,8;30,0;25,4;36,3;72,0;224,3;720,7;3601,5;712,7;15,3;23,3;33,7;28,3;36,4;76,3;237,2;769,5;3883,2;784,9;16,0;;
2016-01-22T15:00;23,3;-30,2;27,7;33,3;73,4;221,2;729,0;3687,9;733,7;16,0;19,0;25,8;22,9;35,0;69,2;209,3;674,8;3580,8;664,2;14,0;A;
2016-01-22T16:00;23,3;34,0;28,0;35,7;74,6;233,7;746,7;3673,2;742,8;16,1;12,5;21,9;17,9;23,0;66,6;160,8;655,9;3189,9;660,4;11,5;;
2016-01-22T17:00;23,1;27,8;25,3;32,0;73,5;234,6;734,2;3637,5;732,8;13,7;10,8;15,4;8,9;20,1;60,4;67,0;573,8;3011,6;592,7;8,0;;
2016-01-22T18:00;21,5;29,2;23,1;31,3;71,5;217,7;715,4;3635,8;725,2;13,6;14,1;24,0;19,6;24,5;64,7;128,3;654,2;3407,9;669,5;11,0;;
2016-01-22T19:00;21,3;25,2;21,5;28,8;71,2;216,6;716,4;3509,7;712,9;13,7;17,6;27,0;18,8;24,2;69,5;203,5;704,5;3403,5;691,6;12,5;;
2016-01-22T20:00;19,6;20,8;21,0;23,0;68,4;187,1;686,7;3422,1;681,9;10,8;27,4;28,0;23,0;26,0;88,1;224,2;744,8;3767,5;784,3;14,0;A;
2016-01-22T21:00;18,5;19,1;20,2;20,1;68,6;189,8;694,3;3443,8;697,7;10,2;29,3;30,5;27,2;29,5;79,3;321,2;796,3;3822,0;802,8;16,0;;
2016-01-22T22:00;17,6;19,3;17,4;19,7;67,2;173,9;686,0;3383,7;671,8;9,7;42,3;43,5;40,2;41,7;90,5;417,8;935,6;4471,4;868,9;21,0;;
2016-01-22T23:00;17,2;16,9;17,0;14,7;66,2;163,6;678,6;3310,0;673,3;8,0;46,7;44,9;44,6;48,1;97,3;418,7;961,1;4735,9;948,8;22,0;;
2016-01-23T00:00;16,8;9,6;14,6;13,7;65,3;159,6;652,6;3309,6;661,1;4,5;6,2;23,0;28,2;23,4;83,2;300,8;808,8;3950,6;808,1;12,5;A;
2016-01-23T01:00;14,6;11,6;13,7;11,3;64,5;157,1;648,7;3285,4;642,0;5,2;7,9;27,4;27,6;28,9;79,1;332,3;829,4;4100,7;853,9;14,0;A;
2016-01-23T02:00;15,9;13,3;13,9;9,7;65,5;141,9;644,4;3212,9;651,7;5,0;3,1;30,8;28,8;26,8;81,8;346,9;815,4;4296,6;867,0;15,5;A;
2016-01-23T03:00;15,1;11,5;10,2;5,3;65,1;141,4;658,9;3277,6;658,6;5,1;34,2;31,5;32,1;32,6;83,6;360,5;893,0;4404,2;861,2;16,5;;
2016-01-23T04:00;15,6;13,1;11,7;6,6;64,4;147,5;649,0;3206,0;649,6;6,9;41,6;35,6;33,0;31,2;90,4;377,1;902,6;4442,5;894,4;17,5;;
2016-01-23T05:00;14,5;15,2;14,6;15,3;64,8;145,1;652,4;3272,2;656,5;6,7;41,8;40,7;41,5;36,1;88,0;379,3;900,1;4591,7;873,9;19,5;;
2016-01-23T06:00;15,7;15,5;17,6;18,7;66,9;153,7;662,4;3324,0;664,9;7,7;40,4;38,8;42,3;42,1;93,2;398,5;948,2;4489,9;937,6;21,0;;
2016-01-23T07:00;17,5;18,8;23,0;22,9;67,9;106,5;662,6;3316,3;669,8;9,9;40,8;48,2;45,3;55,7;93,1;470,6;956,3;4857,9;936,8;23,5;A;
2016-01-23T08:00;18,5;22,3;24,6;26,9;67,4;186,5;688,2;3362,0;672,8;10,4;45,9;47,9;52,2;55,5;98,3;480,7;974,9;4698,2;954,0;25,0;;
2016-01-23T09:00;17,9;24,2;24,7;33,1;68,8;175,1;686,3;3375,8;671,9;13,5;45,6;54,4;49,0;55,0;96,3;405,5;923,8;4761,1;912,7;25,5;;
2016-01-23T10:00;19,1;26,7;28,2;34,4;69,2;192,4;687,0;3486,8;683,7;12,6;39,8;48,6;50,2;58,0;93,7;419,1;884,6;4678,0;955,1;25,0;;
2016-01-23T11:00;18,9;24,0;26,7;33,3;69,3;187,3;698,5;3446,3;697,0;12,0;36,8;44,3;48,3;51,0;90,1;398,3;865,9;4542,4;883,6;23,0;;
2016-01-23T12:00;20,9;24,4;28,3;33,8;70,5;212,0;714,8;3545,3;704,6;12,4;35,0;37,1;42,1;47,8;86,5;319,7;821,7;4098,0;862,2;20,0;;
2016-01-23T13:00;21,3;26,8;27,8;34,8;72,3;147,9;722,9;3555,6;715,7;14,1;31,9;38,0;38,2;41,8;78,1;332,4;772,2;3889,6;774,7;18,0;A;
2016-01-23T14:00;22,5;29,5;27,6;35,8;72,8;166,9;714,3;3605,2;713,6;13,6;22,0;33,1;31,0;39,8;75,1;239,4;734,7;3850,7;774,6;16,0;A;
2016-01-23T15:00;23,9;29,6;27,1;36,5;73,3;176,8;733,4;3685,7;734,8;15,9;16,6;28,2;25,6;35,8;69,4;211,6;692,8;3667,2;696,0;14,0;A;
2016-01-23T16:00;23,9;31,5;27,2;35,6;74,1;181,4;733,4;3724,4;742,1;16,5;15,9;25,2;18,8;29,0;68,4;122,1;622,3;3145,2;659,3;11,5;A;
2016-01-23T17:00;22,7;28,6;25,4;31,2;73,3;222,4;731,2;3675,6;722,0;15,5;12,8;14,7;9,7;15,7;62,8;108,8;583,8;3059,3;612,3;8,0;;
2016-01-23T18:00;22,8;28,4;25,3;30,7;71,2;211,9;712,2;3625,1;727,7;14,7;15,9;18,5;18,8;24,9;65,3;117,7;657,1;3194,8;657,6;11,0;;
2016-01-23T19:00;20,4;23,9;23,4;24,6;71,7;217,0;710,1;3542,4;714,2;14,0;19,8;24,4;23,6;25,3;73,6;201,6;700,0;3600,3;724,1;12,5;;
2016-01-23T20:00;18,2;22,3;19,5;25,5;69,5;189,6;681,4;3412,6;693,9;12,0;27,0;24,6;27,4;29,5;78,3;264,9;729,7;3921,2;716,1;14,0;;
2016-01-23T21:00;19,1;20,8;17,8;23,0;68,4;185,7;698,2;3410,5;695,4;10,8;28,6;28,7;31,1;28,4;82,6;272,4;796,0;4154,3;834,0;16,0;;
2016-01-23T22:00;18,8;18,0;19,6;22,6;68,5;177,6;680,5;3405,7;671,6;10,8;52,9;43,6;38,7;43,1;92,1;379,2;889,1;4535,1;904,6;21,0;A;
2016-01-23T23:00;16,6;16,0;18,5;13,5;66,5;171,1;672,5;3360,5;670,1;7,8;46,0;43,9;46,6;41,2;97,7;461,2;977,0;4612,4;943,6;22,0;;
2016-01-24T00:00;16,7;9,2;15,9;9,8;66,4;156,8;654,3;3316,8;666,3;6,4;28,9;23,0;32,9;25,3;80,9;275,2;832,9;3952,2;822,1;12,5;;
2016-01-24T01:00;15,6;11,4;13,9;11,5;65,5;153,2;646,4;3266,6;657,0;4,7;28,9;24,8;28,8;25,4;80,5;354,6;841,4;3964,7;790,1;14,0;;
2016-01-24T02:00;14,1;14,0;12,2;7,9;65,5;141,5;646,4;3210,2;649,8;6,0;33,0;27,9;30,9;26,1;85,6;354,7;814,1;4250,8;832,6;15,5;;
2016-01-24T03:00;14,6;10,9;11,9;7,2;64,7;152,6;642,4;3268,7;642,7;6,2;39,1;31,8;35,3;26,0;89,5;336,5;845,0;4403,3;873,0;16,5;;
2016-01-24T04:00;14,5;11,4;11,5;8,6;64,5;151,4;652,1;3285,9;654,8;5,9;37,1;36,0;32,6;32,3;87,5;369,7;875,6;4263,0;882,7;17,5;;
2016-01-24T05:00;14,3;12,9;12,4;15,6;64,5;151,3;656,7;3250,8;641,6;6,7;41,1;41,2;37,5;36,6;87,5;427,9;874,5;4331,1;882,2;19,5;;
2016-01-24T06:00;16,9;14,0;27,9;17,3;65,3;159,8;659,4;3292,7;658,0;7,1;44,5;44,7;41,9;42,1;94,2;445,1;899,1;4767,1;938,4;21,0;A;
2016-01-24T07:00;16,7;20,4;20,5;25,8;67,2;175,7;669,1;3341,7;677,8;9,4;41,9;47,5;51,8;52,3;95,6;423,0;934,3;4685,7;914,1;23,5;;
2016-01-24T08:00;17,7;21,0;24,6;66,6;68,3;176,3;680,1;3407,8;687,8;11,0;44,7;52,6;48,1;53,9;95,7;455,5;994,4;4827,4;937,1;25,0;A;
2016-01-24T09:00;18,6;24,8;26,6;67,8;68,2;179,8;686,6;3419,0;682,9;12,2;45,3;48,1;50,0;54,9;97,3;404,9;928,4;4696,0;953,1;25,5;A;
2016-01-24T10:00;19,0;27,8;25,4;71,0;69,4;185,4;690,6;3466,8;691,9;13,7;39,6;50,9;48,4;54,4;91,2;386,1;939,0;4539,3;904,2;25,0;A;
2016-01-24T11:00;19,7;27,0;26,5;69,8;68,7;183,5;681,5;3488,4;691,4;11,5;42,5;47,2;43,8;51,6;88,7;406,6;906,1;4630,2;876,0;23,0;A;
2016-01-24T12:00;20,1;23,9;25,8;69,2;71,4;210,9;712,2;3530,3;708,2;13,0;37,8;37,3;41,9;43,2;81,8;358,7;850,9;4090,0;817,0;20,0;A;
2016-01-24T13:00;21,5;26,8;27,0;73,5;71,3;220,7;722,4;3572,1;713,1;13,1;29,7;38,6;33,8;45,1;81,1;316,2;800,1;3948,7;780,2;18,0;A;
2016-01-24T14:00;22,4;28,0;25,9;70,0;71,6;227,5;711,5;3627,8;721,2;14,3;27,0;32,6;31,5;38,6;75,1;232,8;722,4;3714,0;722,9;16,0;A;
2016-01-24T15:00;22,1;32,4;28,0;70,5;72,5;223,4;732,1;3686,2;723,7;16,5;18,0;27,1;26,5;30,1;72,4;200,3;726,7;3339,5;693,6;14,0;A;
2016-01-24T16:00;24,4;32,2;27,8;73,4;74,2;246,4;731,5;3718,7;748,0;15,7;15,8;25,3;19,1;25,5;62,4;183,8;653,0;3102,7;652,8;11,5;A;
2016-01-24T17:00;22,3;30,0;24,9;31,7;73,8;225,9;732,8;3662,4;734,2;14,9;12,2;18,7;9,5;14,8;59,5;108,8;601,1;3137,2;576,6;8,0;;
2016-01-24T18:00;22,7;28,1;25,5;29,8;71,7;224,4;711,3;3012,4;717,7;13,6;15,6;22,6;18,4;22,6;62,2;133,1;633,6;3183,9;685,0;11,0;A;
2016-01-24T19:00;21,3;26,8;22,7;26,8;70,7;216,3;701,5;3594,3;715,8;12,0;22,7;22,2;22,0;29,2;70,9;193,0;694,6;3486,5;685,5;12,5;;
2016-01-24T20:00;18,6;20,6;20,2;25,1;69,3;185,3;698,1;3446,0;698,8;11,7;26,4;24,8;23,0;32,4;76,9;242,2;776,6;3907,8;716,4;14,0;;
2016-01-24T21:00;18,9;19,8;18,4;19,2;69,0;187,0;692,4;3447,1;689,0;9,8;28,4;33,2;29,5;28,5;79,8;265,5;770,4;3947,6;766,1;16,0;;
2016-01-24T22:00;17,1;18,0;16,7;17,7;67,8;175,8;675,3;3423,1;679,1;10,5;42,7;45,0;36,0;42,8;87,7;374,3;889,6;4643,3;865,2;21,0;;
2016-01-24T23:00;16,7;18,1;15,9;16,0;66,3;178,0;664,4;3315,8;672,7;7,7;43,0;42,9;46,8;40,6;96,5;483,0;970,8;4734,3;923,9;22,0;;
2016-01-25T00:00;16,2;12,6;17,3;10,2;66,2;152,5;654,2;3269,7;659,3;5,6;31,4;27,9;28,4;26,6;79,3;331,1;795,1;4115,6;827,0;12,5;;
2016-01-25T01:00;14,5;11,4;13,7;9,2;65,0;154,7;643,6;3234,9;658,0;5,5;29,2;31,2;32,0;28,7;82,8;287,8;835,8;4078,8;831,7;14,0;;
2016-01-25T02:00;15,6;11,9;14,3;7,7;65,0;143,1;500,0;3229,2;641,7;5,5;35,9;32,5;29,8;28,8;86,8;323,8;854,1;4353,0;871,7;15,5;A;
2016-01-25T03:00;14,2;11,6;10,2;10,3;65,2;153,3;646,4;3245,0;649,1;6,7;36,5;32,0;33,6;28,6;85,5;334,7;848,3;4430,3;871,4;16,5;;
2016-01-25T04:00;14,3;11,0;11,7;11,6;64,9;143,9;642,0;3253,6;657,6;6,1;38,3;38,0;31,2;32,2;88,2;386,5;915,1;4451,3;891,2;17,5;;
2016-01-25T05:00;14,9;13,1;14,9;15,1;65,6;142,8;648,3;3293,6;651,8;6,1;36,9;40,8;39,5;38,1;86,7;407,9;878,8;4627,7;907,6;19,5;;
2016-01-25T06:00;15,4;15,5;17,5;19,2;65,6;165,0;664,4;3271,4;653,1;7,8;44,6;43,0;43,3;44,2;91,3;202,3;927,9;4621,2;895,7;21,0;A;
2016-01-25T07:00;16,6;18,9;21,4;23,2;66,7;166,1;662,9;3355,3;664,2;10,7;44,0;49,1;45,1;55,0;91,0;417,1;928,3;4675,8;918,0;23,5;;
2016-01-25T08:00;18,1;21,6;23,9;28,9;67,6;180,1;676,6;3433,5;671,2;10,9;46,1;52,6;49,6;54,0;96,9;459,3;941,8;4827,2;954,4;25,0;;
2016-01-25T09:00;17,9;23,5;25,6;30,7;68,4;185,2;671,7;3357,7;675,9;12,6;41,8;51,4;50,6;62,5;93,9;457,5;906,8;4859,8;962,0;25,5;;
2016-01-25T10:00;19,4;26,2;26,4;34,5;68,9;181,1;698,6;3489,1;683,0;13,6;45,3;47,6;52,4;61,1;90,9;388,9;889,4;4557,6;912,7;25,0;;
2016-01-25T11:00;18,8;25,2;25,3;34,2;69,2;184,1;696,0;3479,6;693,0;13,3;38,6;47,7;43,4;51,8;90,9;368,3;921,7;4480,4;926,6;23,0;;
2016-01-25T12:00;20,4;26,4;27,7;29,9;71,5;217,1;715,0;3543,7;706,8;13,7;36,0;37,3;40,2;42,1;82,1;340,2;856,1;4280,7;825,4;20,0;;
2016-01-25T13:00;22,3;-29,6;26,5;35,4;71,1;228,0;713,3;3571,8;719,3;14,0;32,4;37,3;35,7;40,9;81,3;290,5;792,9;3826,0;803,2;18,0;A;
2016-01-25T14:00;22,4;27,7;26,2;31,9;72,1;225,8;722,5;3602,9;727,2;15,1;26,9;34,8;32,4;38,9;77,1;215,3;756,8;3840,2;772,4;16,0;;
2016-01-25T15:00;22,6;31,8;25,6;37,6;72,7;130,6;738,9;3668,5;737,4;16,0;17,8;28,0;23,5;32,8;72,8;171,7;682,4;3337,1;702,2;14,0;A;
2016-01-25T16:00;24,3;32,8;28,1;35,9;74,7;239,5;744,8;3731,3;742,4;15,5;17,3;21,7;18,6;29,5;64,3;164,4;663,7;3218,3;623,2;11,5;;
2016-01-25T17:00;23,6;30,4;26,3;29,1;72,4;234,9;726,6;3662,7;728,5;14,9;10,1;17,0;15,4;19,9;57,1;73,7;618,5;2856,8;629,1;8,0;;
2016-01-25T18:00;21,8;29,0;23,7;33,5;71,2;222,9;719,9;3591,4;721,7;15,3;14,3;19,1;18,1;22,3;62,4;165,9;668,6;3394,2;644,1;11,0;;
2016-01-25T19:00;21,0;26,1;20,9;28,3;71,4;205,0;704,7;3568,2;716,4;12,4;20,3;25,3;20,1;28,3;70,6;231,7;729,8;3668,5;725,0;12,5;;
2016-01-25T20:00;19,0;22,6;20,8;22,8;69,3;194,0;691,1;3427,1;686,4;10,1;24,3;25,3;23,0;26,5;72,4;228,1;724,7;3697,4;776,3;14,0;;
2016-01-25T21:00;18,6;20,9;20,4;22,2;68,3;182,4;684,1;3479,5;690,0;11,3;27,4;33,4;33,4;28,6;76,4;326,3;813,8;4060,9;767,6;16,0;;
2016-01-25T22:00;18,6;21,2;17,7;22,4;67,4;174,1;673,7;3443,0;682,7;9,0;38,8;41,8;39,8;42,8;87,7;422,8;921,6;4532,1;906,9;21,0;;
2016-01-25T23:00;17,4;15,3;17,8;16,6;67,4;167,1;664,9;3374,1;676,1;7,0;45,0;41,4;47,9;42,7;92,1;482,8;955,8;4761,8;971,8;22,0;;
2016-01-26T00:00;15,8;11,9;14,8;12,8;65,7;158,7;657,3;3290,3;744,0;4,5;33,5;22,2;31,8;27,0;83,4;266,5;816,5;3856,2;772,4;12,5;A;
2016-01-26T01:00;14,6;11,2;14,3;8,5;64,8;157,3;347,6;3270,2;650,4;5,7;34,6;29,8;34,2;26,8;78,4;324,8;787,2;4121,4;806,0;14,0;A;
2016-01-26T02:00;14,3;13,1;14,4;8,0;64,6;149,3;358,8;3218,1;647,9;5,0;35,0;30,7;31,6;30,9;85,1;358,8;837,0;4213,6;857,9;15,5;A;
2016-01-26T03:00;14,5;12,4;10,9;5,5;64,4;153,4;378,2;3286,1;645,8;5,5;39,1;29,9;34,7;28,4;86,4;324,4;824,6;4155,9;834,4;16,5;A;
2016-01-26T04:00;15,7;12,7;12,7;9,5;64,8;146,3;392,8;3252,4;642,1;6,0;39,0;35,2;32,4;29,6;85,2;399,1;878,7;4251,5;895,7;17,5;A;
2016-01-26T05:00;14,4;15,5;12,7;14,8;64,8;148,8;414,0;3247,0;652,2;6,0;41,7;38,2;35,6;41,9;90,6;434,1;905,0;4432,9;864,2;19,5;A;
2016-01-26T06:00;16,4;14,0;18,3;18,8;66,9;152,0;448,2;3271,0;666,5;7,3;42,5;39,4;41,7;43,0;93,6;440,6;904,2;4455,1;907,5;21,0;A;
2016-01-26T07:00;17,1;21,8;21,9;27,6;67,7;163,7;464,2;3340,8;665,6;10,8;47,5;46,6;48,7;54,8;91,4;405,9;960,6;4558,3;932,8;23,5;A;
2016-01-26T08:00;18,6;22,3;24,0;26,1;68,8;188,6;444,1;3441,1;678,0;10,4;46,0;50,1;49,2;59,5;94,6;439,8;994,8;4812,6;991,9;25,0;A;
2016-01-26T09:00;18,7;26,5;25,2;33,2;68,6;185,2;422,7;3377,2;673,9;11,5;41,5;51,8;53,8;59,8;97,1;430,0;974,0;4783,1;963,7;25,5;A;
2016-01-26T10:00;18,2;25,4;28,5;36,2;68,3;183,6;695,4;3407,0;687,6;14,4;42,6;52,2;52,9;61,5;91,1;428,0;910,1;4729,5;897,8;25,0;;
2016-01-26T11:00;19,6;25,9;24,6;31,6;69,0;185,9;696,2;3436,9;692,1;13,4;41,4;43,8;9,7;52,6;93,4;421,1;865,7;4627,1;926,5;23,0;A;
2016-01-26T12:00;21,5;25,3;27,4;33,9;71,6;212,1;714,8;3568,5;710,1;13,2;35,1;37,5;11,8;46,8;82,9;350,7;826,1;4388,2;830,8;20,0;A;
2016-01-26T13:00;22,3;29,5;26,4;35,6;71,2;213,2;716,3;3601,6;727,2;13,9;29,4;36,7;12,8;41,6;77,5;321,6;801,0;3903,7;777,1;18,0;A;
2016-01-26T14:00;22,7;28,1;27,3;34,8;71,8;222,1;713,0;3624,1;711,9;14,2;27,9;33,7;12,6;33,8;76,7;248,5;776,8;3912,8;782,6;16,0;A;
2016-01-26T15:00;23,4;32,5;26,2;35,7;73,3;229,3;731,4;3631,9;736,9;16,5;19,1;24,8;22,2;31,5;73,1;176,1;734,5;3588,9;703,4;14,0;;
2016-01-26T16:00;24,5;32,5;26,3;33,0;73,9;243,5;742,5;3701,4;738,1;16,6;16,4;24,0;16,5;27,6;61,6;122,1;667,3;3154,8;634,1;11,5;;
2016-01-26T17:00;23,7;29,5;25,9;32,4;72,8;238,9;724,6;3619,8;736,4;14,1;7,4;13,1;11,2;21,0;61,7;101,8;591,5;2968,5;589,9;8,0;;
2016-01-26T18:00;21,1;29,2;22,9;33,0;72,7;223,6;713,5;3588,8;721,1;15,5;17,5;22,6;18,0;21,3;64,2;156,1;616,1;3351,2;622,5;11,0;;
2016-01-26T19:00;20,3;26,6;23,5;28,3;71,2;211,9;703,2;3529,6;713,4;13,7;17,5;24,5;18,5;28,5;68,2;216,8;721,8;3428,8;718,9;12,5;;
2016-01-26T20:00;18,9;20,8;19,8;21,8;68,1;185,2;686,1;3470,7;686,4;10,0;24,0;27,8;27,9;30,3;72,3;260,3;755,7;3614,4;742,8;14,0;;
2016-01-26T21:00;19,1;22,2;18,6;21,3;68,6;193,2;694,3;3424,4;695,6;10,6;32,1;32,8;31,3;32,8;82,4;317,9;831,7;4041,8;825,0;16,0;;
2016-01-26T22:00;18,0;21,2;17,0;20,0;68,9;176,4;680,5;3426,0;685,9;10,0;36,7;41,6;42,6;38,7;87,8;422,1;864,8;4387,4;888,2;2,0;A;
2016-01-26T23:00;17,7;14,2;17,9;18,4;66,7;173,4;668,8;3348,6;662,7;8,8;46,1;41,9;41,3;41,5;96,7;422,7;947,1;4923,4;924,4;22,0;;
2016-01-27T00:00;15,6;12,2;16,0;12,0;66,4;156,9;668,4;3313,9;655,9;5,1;32,7;27,6;32,3;28,2;82,6;265,3;787,3;3884,5;764,1;12,5;;
2016-01-27T01:00;15,2;10,2;13,9;8,3;64,8;149,9;654,5;3250,4;642,5;5,8;28,4;29,9;29,9;29,3;82,6;355,9;846,7;4159,6;820,0;14,0;;
2016-01-27T02:00;14,6;12,3;13,5;10,3;65,0;147,6;641,3;3217,4;647,7;5,3;34,7;32,4;31,1;28,4;84,3;348,5;808,1;4343,5;829,3;15,5;;
2016-01-27T03:00;14,4;11,7;11,4;7,2;64,1;145,2;652,2;3262,0;642,9;6,6;34,8;31,6;30,9;32,3;82,9;378,5;868,4;4331,6;857,7;16,5;;
2016-01-27T04:00;14,5;10,9;11,6;7,1;65,1;145,8;646,2;3500,1;651,9;6,3;35,5;34,7;38,6;29,9;90,1;353,0;914,4;4465,3;887,8;17,5;A;
2016-01-27T05:00;14,4;25,0;13,2;14,3;65,2;148,6;655,1;3244,4;652,9;6,8;37,2;40,4;36,6;37,6;87,2;435,4;908,9;4570,2;884,2;19,5;A;
2016-01-27T06:00;16,7;24,2;16,6;17,4;65,6;163,6;666,4;3291,4;655,0;7,8;40,1;41,4;44,9;42,3;94,2;428,6;929,4;4659,3;931,4;21,0;A;
2016-01-27T07:00;16,5;41,0;20,5;23,5;67,3;169,0;662,0;3312,9;673,1;10,8;41,8;45,7;49,0;51,2;92,9;434,3;973,0;4601,1;973,5;23,5;A;
2016-01-27T08:00;17,5;40,6;23,2;25,9;68,1;186,9;681,1;3386,0;687,9;11,4;49,3;46,5;48,7;55,5;95,2;458,5;945,4;4865,0;972,1;25,0;A;
2016-01-27T09:00;17,2;46,2;24,5;31,8;67,2;187,9;686,9;3409,3;685,9;12,4;47,2;51,7;48,4;55,9;95,8;475,9;967,1;4579,6;915,1;25,5;A;
2016-01-27T10:00;19,4;46,4;27,3;34,5;69,3;187,6;694,8;3476,5;696,6;13,5;38,9;49,8;53,8;59,2;88,5;400,3;952,0;4460,1;935,3;25,0;A;
2016-01-27T11:00;18,8;26,8;27,2;30,8;69,8;189,8;686,2;3410,9;685,7;12,5;37,0;42,5;45,4;52,6;86,8;417,3;865,8;4556,5;905,8;23,0;;
2016-01-27T12:00;20,8;27,2;26,5;34,6;71,4;217,1;711,5;3564,9;714,6;13,8;36,3;39,6;43,4;43,8;87,7;343,6;861,0;4229,5;845,3;20,0;;
2016-01-27T13:00;21,6;26,7;29,0;34,0;72,0;216,2;718,0;3576,7;719,5;13,0;32,4;34,9;39,4;39,2;76,4;318,3;788,8;3998,3;805,4;18,0;;
2016-01-27T14:00;21,8;27,1;26,7;31,5;72,4;213,0;724,5;3574,5;713,6;14,8;26,0;33,1;33,8;36,8;71,8;278,8;743,1;3900,6;757,4;16,0;;
2016-01-27T15:00;38,4;32,2;26,0;36,1;73,5;235,4;722,9;3637,5;728,7;15,1;22,6;25,0;20,8;31,4;72,6;178,3;709,6;3627,2;686,6;14,0;A;
2016-01-27T16:00;23,7;30,7;26,8;35,5;73,5;242,9;743,6;3688,7;743,4;15,3;17,4;25,1;21,3;26,2;67,2;151,6;662,6;3193,4;617,9;11,5;;
2016-01-27T17:00;23,4;31,0;24,8;30,1;72,9;223,8;728,9;3637,7;729,8;14,5;9,4;13,1;9,4;17,5;60,1;78,9;608,5;3069,7;588,1;8,0;;
2016-01-27T18:00;41,2;27,0;25,0;32,1;71,2;211,5;713,3;3629,3;727,5;14,0;14,4;19,4;14,8;25,0;61,6;157,3;644,9;3291,1;640,7;11,0;A;
2016-01-27T19:00;41,5;26,2;20,9;24,9;71,2;207,0;713,3;3574,1;716,6;12,7;20,8;21,8;17,1;22,6;68,2;219,1;677,2;3675,9;723,6;12,5;A;
2016-01-27T20:00;40,7;22,9;19,1;22,1;68,5;184,2;694,3;3412,0;693,8;10,0;27,8;28,8;27,8;26,5;72,0;245,1;780,8;3874,9;776,7;14,0;A;
2016-01-27T21:00;39,7;19,1;18,4;20,6;68,7;196,1;685,6;3483,2;685,3;10,7;33,2;30,5;28,9;29,9;82,9;265,8;784,7;3837,6;812,3;16,0;A;
2016-01-27T22:00;37,5;21,4;16,9;20,9;68,0;187,0;687,9;3400,7;681,6;9,4;37,4;44,8;43,8;43,0;87,3;405,3;926,3;4605,6;907,1;21,0;A;
2016-01-27T23:00;36,5;14,5;17,4;17,8;67,7;173,2;671,5;3354,6;669,7;8,4;45,6;47,2;42,4;42,9;98,0;460,4;971,0;4822,9;934,5;22,0;A;
2016-01-28T00:00;16,5;11,5;17,7;9,7;66,3;157,7;653,5;3267,9;655,8;6,0;18,9;27,2;33,2;27,8;80,7;305,9;794,8;4115,1;790,5;12,5;A;
2016-01-28T01:00;14,5;12,5;13,8;10,6;64,2;158,5;644,3;3237,0;655,7;5,1;29,8;31,3;31,6;29,3;82,8;295,1;828,1;3930,1;837,8;14,0;;
2016-01-28T02:00;14,7;12,3;12,8;8,3;64,7;143,3;647,5;3238,5;643,4;5,8;35,7;33,2;35,8;31,3;85,2;322,0;810,4;4353,5;870,9;15,5;;
2016-01-28T03:00;15,4;11,5;11,1;9,7;65,4;141,3;649,7;3220,3;657,6;5,1;35,2;31,0;34,9;24,9;89,0;345,2;862,7;4286,0;837,3;16,5;;
2016-01-28T04:00;14,9;10,6;10,5;6,9;65,4;142,7;658,1;3225,2;656,1;6,5;40,0;33,4;34,3;28,1;87,6;403,6;913,0;4229,0;903,5;17,5;;
2016-01-28T05:00;14,9;15,7;12,9;11,0;65,2;158,2;653,4;3240,9;656,1;7,4;38,7;36,5;35,8;40,1;90,5;400,5;897,4;4673,2;891,4;19,5;;
2016-01-28T06:00;16,3;17,7;16,7;18,6;66,2;168,2;666,1;3287,1;655,3;7,0;38,9;40,5;43,1;39,9;91,4;422,6;920,8;4505,0;927,1;21,0;;
2016-01-28T07:00;16,6;19,7;20,8;24,8;66,5;173,2;664,4;3319,2;670,6;9,5;45,7;47,5;46,0;54,9;92,2;432,7;927,7;4765,4;905,3;23,5;;
2016-01-28T08:00;17,6;21,2;23,4;28,6;68,3;180,3;676,1;3389,9;681,5;10,1;47,8;48,6;51,8;57,0;98,6;451,1;985,8;4918,0;970,5;25,0;;
2016-01-28T09:00;18,9;23,4;24,8;32,2;67,2;180,4;673,2;3399,2;686,9;13,3;45,4;51,1;48,3;56,7;96,6;406,6;936,5;4525,9;910,1;25,5;;
2016-01-28T10:00;18,6;26,9;28,1;37,4;69,6;292,6;696,8;3436,2;695,9;14,3;44,6;47,1;47,5;58,2;91,3;410,2;889,8;4747,1;940,3;25,0;A;
2016-01-28T11:00;19,5;25,9;26,7;30,8;68,4;198,3;693,4;3417,8;685,7;13,0;39,8;46,9;45,1;54,2;87,6;411,3;892,5;4569,4;928,6;23,0;;
2016-01-28T12:00;21,8;26,2;26,4;30,9;70,2;215,6;702,1;3524,9;715,1;13,0;31,7;40,2;40,6;47,0;85,6;374,1;855,9;4363,3;839,9;20,0;;
2016-01-28T13:00;21,8;30,0;29,6;35,8;71,9;221,2;726,3;3642,4;711,4;14,0;26,8;36,8;37,9;40,2;78,4;265,3;795,6;4024,7;829,6;18,0;;
2016-01-28T14:00;22,7;27,0;27,7;33,6;71,8;227,9;720,1;3625,7;720,9;13,7;28,1;34,5;30,5;39,1;77,8;254,0;834,4;3715,7;728,5;16,0;A;
2016-01-28T15:00;23,8;32,5;26,7;34,0;73,1;237,7;723,9;3649,4;728,2;15,3;17,5;27,6;26,1;28,3;72,5;199,0;669,9;3612,6;718,3;14,0;;
2016-01-28T16:00;23,5;30,0;28,6;32,5;73,6;231,7;741,9;3744,0;748,1;17,0;15,9;26,1;19,5;24,0;68,1;176,6;637,4;3226,1;660,7;11,5;;
2016-01-28T17:00;23,8;28,7;25,0;29,1;72,6;222,5;724,7;3652,5;735,4;15,2;7,9;12,6;13,3;18,4;61,7;84,9;599,3;3116,6;624,0;8,0;;
2016-01-28T18:00;22,6;28,0;23,4;30,0;72,6;223,6;719,4;3585,4;719,9;13,5;16,5;24,6;15,8;24,3;66,7;138,6;621,5;3428,1;643,8;11,0;;
2016-01-28T19:00;21,8;27,5;21,8;28,4;70,1;214,7;716,7;3577,2;701,8;12,0;16,8;23,5;17,1;22,7;66,7;199,1;673,8;3363,3;674,6;12,5;;
2016-01-28T20:00;19,5;20,7;21,6;23,7;69,8;197,9;689,2;3436,9;689,5;11,2;25,2;31,0;27,1;27,2;73,4;217,7;728,4;3693,3;782,0;14,0;;
2016-01-28T21:00;18,2;19,8;18,1;23,3;69,5;190,7;683,2;3419,1;687,0;10,5;26,7;30,9;26,3;32,6;81,1;271,5;766,6;3847,9;790,9;16,0;;
2016-01-28T22:00;18,8;18,2;19,2;18,3;68,2;171,2;680,5;3412,0;684,3;9,8;37,5;45,2;41,6;44,2;93,4;395,0;877,3;4384,9;-880,4;21,0;A;
2016-01-28T23:00;16,7;17,8;15,3;13,6;66,9;167,5;678,3;3308,7;671,2;7,8;42,7;45,1;41,7;46,5;92,8;451,1;941,9;4609,6;-924,3;22,0;A;
2016-01-29T00:00;16,5;9,5;15,0;10,3;66,1;157,4;664,3;3256,0;667,1;6,2;28,4;27,6;30,2;26,0;82,9;269,6;797,7;3961,2;776,7;12,5;;
2016-01-29T01:00;15,2;11,8;12,5;11,9;65,0;157,6;641,5;3281,3;653,5;6,2;35,0;28,1;29,6;26,1;85,2;295,5;844,9;4113,0;848,5;14,0;;
2016-01-29T02:00;14,4;12,0;14,5;11,0;65,1;149,4;647,2;3221,8;651,1;5,5;31,8;30,9;35,3;30,9;82,6;339,4;838,2;4243,2;873,5;15,5;;
2016-01-29T03:00;15,2;11,4;11,2;10,3;64,5;155,6;655,0;3293,2;652,4;6,0;34,3;33,7;32,5;32,7;86,6;377,3;881,6;4414,4;856,3;16,5;;
2016-01-29T04:00;15,9;13,6;12,8;8,4;64,3;155,7;651,4;3265,6;659,0;5,4;40,4;33,5;34,9;35,8;90,1;401,9;898,3;4492,3;896,2;17,5;;
2016-01-29T05:00;14,8;15,9;13,7;11,3;64,2;141,4;647,8;3280,2;657,3;7,3;43,2;39,3;42,5;38,3;93,5;381,1;885,1;4561,9;888,6;19,5;;
2016-01-29T06:00;15,6;15,7;17,2;15,3;65,1;166,7;651,3;3256,7;667,0;8,2;42,4;45,2;45,2;44,8;92,4;426,8;916,1;4738,5;892,6;21,0;;
2016-01-29T07:00;17,7;19,6;22,9;26,6;67,8;169,9;677,0;2463,9;664,1;9,3;45,1;47,6;50,6;55,5;92,6;440,3;966,5;4807,8;972,8;23,5;A;
2016-01-29T08:00;18,4;22,0;25,4;30,4;67,7;176,4;686,2;2505,4;686,3;11,2;45,4;49,0;48,1;59,7;99,2;426,6;971,0;4888,3;936,2;25,0;A;
2016-01-29T09:00;17,3;23,7;24,4;32,7;67,2;186,7;674,0;2484,7;671,0;12,9;42,6;50,4;54,8;58,7;93,9;412,9;960,4;4558,4;972,6;25,5;A;
2016-01-29T10:00;18,5;26,3;26,4;36,5;69,7;183,6;694,1;2476,0;684,9;12,8;43,2;52,0;48,7;54,7;93,1;438,6;936,3;4452,0;948,1;25,0;A;
2016-01-29T11:00;19,5;26,8;27,1;30,7;69,8;191,6;682,8;2478,6;686,1;11,9;37,6;43,9;47,9;52,4;87,1;378,7;934,1;4508,2;916,0;23,0;A;
2016-01-29T12:00;20,7;25,2;27,8;33,7;71,1;211,5;714,1;3579,1;710,6;13,4;34,0;42,1;40,2;44,3;86,3;374,2;829,8;4170,9;857,0;20,0;;
2016-01-29T13:00;22,2;29,8;28,3;35,7;72,1;213,3;723,1;3589,8;711,4;14,8;30,1;38,4;38,1;41,9;81,8;333,3;789,5;4004,2;809,3;18,0;;
2016-01-29T14:00;21,8;29,6;27,3;31,7;72,0;217,7;728,3;3611,3;726,0;14,2;25,5;29,6;26,2;38,5;76,1;257,1;721,8;3851,1;740,3;16,0;;
2016-01-29T15:00;23,1;32,3;28,3;34,1;73,7;231,6;732,9;3674,5;722,0;15,2;19,3;27,7;25,2;36,1;71,1;175,3;713,1;3539,3;732,1;14,0;;
2016-01-29T16:00;24,8;30,9;28,5;37,4;74,5;235,2;739,2;3723,1;732,9;15,6;11,4;23,1;20,3;24,6;68,2;137,0;679,8;3209,5;648,0;11,5;A;
2016-01-29T17:00;22,3;28,9;24,1;28,8;73,2;229,6;722,3;3616,2;722,5;14,0;8,6;12,9;22,2;16,5;62,3;83,6;623,1;3059,3;613,9;8,0;A;
2016-01-29T18:00;21,7;29,4;24,4;31,3;72,2;219,7;724,7;3641,2;713,7;14,5;14,0;23,3;26,6;27,0;61,6;124,2;642,9;3134,3;667,8;11,0;A;
2016-01-29T19:00;20,3;27,5;21,6;29,0;71,6;212,6;709,8;3505,1;715,5;12,0;21,3;22,0;27,8;29,6;70,1;191,7;711,8;3419,7;700,4;12,5;A;
2016-01-29T20:00;19,3;22,5;19,3;21,1;68,6;197,7;692,2;3478,3;684,6;10,1;25,8;30,9;11,9;27,5;77,8;236,9;715,6;3806,8;783,3;14,0;A;
2016-01-29T21:00;19,4;21,9;18,1;21,1;69,2;188,1;689,2;3490,7;694,6;9,9;33,3;32,6;27,4;33,4;80,5;312,2;823,7;3895,8;818,5;16,0;;
2016-01-29T22:00;18,6;20,9;16,7;18,9;68,5;183,9;679,0;3364,9;684,5;10,1;41,3;39,0;37,7;37,9;93,5;434,8;891,9;4461,5;874,4;21,0;;
2016-01-29T23:00;16,9;16,8;18,6;13,9;67,5;178,8;669,9;3319,2;662,7;8,4;45,1;46,8;45,0;43,2;97,9;449,8;961,6;4608,5;921,1;22,0;;
2016-01-30T00:00;16,4;12,9;15,6;8,3;66,0;156,4;666,0;3289,4;654,5;5,8;29,6;23,0;28,1;22,1;77,5;276,8;831,7;3917,5;830,2;12,5;;
2016-01-30T01:00;14,1;11,1;14,3;11,4;64,1;147,3;652,4;3260,0;650,7;5,2;29,9;24,9;31,0;30,8;80,5;347,9;793,6;3971,8;845,3;14,0;;
2016-01-30T02:00;14,3;-11,3;14,6;8,8;65,8;149,5;653,8;3218,4;658,1;5,6;35,0;33,6;34,7;31,4;82,0;371,0;838,9;4219,7;861,0;15,5;A;
2016-01-30T03:00;15,9;14,0;10,4;6,1;64,9;158,7;647,9;3245,6;641,7;6,2;36,6;33,6;32,2;30,7;88,4;363,4;888,4;4272,9;859,6;16,5;;
2016-01-30T04:00;14,3;11,6;11,0;6,9;64,5;158,9;645,2;3287,7;648,4;6,5;36,3;31,5;38,0;33,6;85,8;401,5;905,2;4489,5;853,0;17,5;;
2016-01-30T05:00;14,3;13,3;14,6;13,7;65,4;157,5;655,6;3220,3;643,0;6,4;41,2;40,2;40,1;35,5;101,2;390,2;902,2;4650,3;935,1;19,5;A;
2016-01-30T06:00;16,4;15,3;17,5;19,7;65,4;168,0;654,6;3272,4;657,4;7,9;42,3;40,9;44,4;39,9;100,8;452,9;935,5;4574,5;900,9;21,0;A;
2016-01-30T07:00;17,4;18,6;20,4;26,6;66,2;166,6;672,7;3315,9;678,8;9,0;45,5;47,4;52,8;55,7;102,2;455,3;963,5;4774,1;912,5;23,5;A;
2016-01-30T08:00;17,2;23,1;24,9;28,1;68,2;175,0;672,3;3427,6;683,1;10,0;42,6;48,2;50,1;55,9;100,8;444,9;965,7;4897,7;948,1;25,0;A;
2016-01-30T09:00;17,7;24,7;26,3;31,5;67,9;180,3;672,2;3369,1;680,9;12,6;44,7;53,4;50,6;61,5;99,8;412,4;922,7;4879,2;930,7;25,5;A;
2016-01-30T10:00;18,1;27,2;26,5;32,8;69,7;188,2;688,5;3421,4;685,3;13,4;42,1;48,4;47,5;57,4;103,3;418,7;944,5;4691,8;887,2;25,0;A;
2016-01-30T11:00;19,2;27,1;26,9;32,2;68,1;198,3;688,1;3468,7;695,3;11,7;40,8;43,0;51,0;54,9;88,9;429,4;865,0;4373,3;894,1;23,0;;
2016-01-30T12:00;21,2;25,7;25,8;32,4;71,3;206,8;718,2;3533,1;710,1;12,8;33,8;42,0;43,8;43,1;84,3;341,5;855,2;4350,9;855,4;20,0;;
2016-01-30T13:00;22,5;28,7;27,5;33,5;71,3;219,2;716,3;3566,9;721,8;14,9;28,5;35,4;34,8;38,6;77,7;297,8;778,7;3926,3;782,6;18,0;;
2016-01-30T14:00;22,9;30,1;26,9;33,1;72,3;221,2;719,8;3624,8;726,1;14,9;22,9;33,6;26,7;33,4;77,5;275,3;780,5;3818,9;733,1;16,0;;
2016-01-30T15:00;23,0;31,4;26,0;-34,9;73,5;225,7;733,2;3667,3;729,9;15,4;18,5;29,5;21,7;33,1;68,5;210,1;703,4;3532,2;723,6;14,0;A;
2016-01-30T16:00;24,2;33,0;26,1;33,3;73,8;231,4;733,2;3702,2;744,1;16,9;17,9;21,5;17,6;26,0;67,0;182,8;624,6;3359,8;684,3;11,5;;
2016-01-30T17:00;22,8;28,6;23,8;33,1;72,6;229,7;726,2;3626,0;736,5;14,3;8,1;13,3;14,7;15,4;61,9;99,9;588,8;3135,2;633,4;8,0;;
2016-01-30T18:00;22,7;28,9;25,3;33,7;71,2;223,8;715,6;3585,1;718,0;14,9;18,4;24,4;17,5;20,5;64,0;116,6;641,1;3290,9;636,4;11,0;;
2016-01-30T19:00;21,5;26,2;20,8;26,7;71,5;203,6;710,1;3559,3;712,4;13,2;20,0;27,5;25,0;28,7;71,4;174,0;696,6;3365,6;677,3;12,5;;
2016-01-30T20:00;18,6;22,5;20,5;20,3;69,6;185,2;694,1;3491,4;682,6;10,9;24,1;30,7;27,2;31,3;75,0;214,6;733,9;3739,5;777,0;14,0;;
2016-01-30T21:00;18,3;21,7;19,1;21,1;69,7;188,0;681,5;3477,1;693,8;9,7;30,4;29,1;33,2;23,5;82,3;296,2;826,1;4154,2;824,2;16,0;A;
2016-01-30T22:00;18,2;22,0;16,3;20,2;67,5;186,3;688,4;3444,8;678,5;10,2;43,3;42,8;42,8;-44,9;88,1;412,7;902,9;4652,0;935,4;21,0;A;
2016-01-30T23:00;17,7;17,1;18,5;16,8;67,5;163,0;672,9;3340,4;671,1;7,0;45,6;43,6;46,1;47,1;92,5;422,7;926,9;4683,3;917,8;22,0;;
2016-01-31T00:00;15,3;10,2;16,5;8,6;65,8;151,2;653,8;3299,8;667,6;4,5;30,1;25,6;28,5;25,9;82,3;274,7;773,1;4156,3;785,2;12,5;;
2016-01-31T01:00;14,9;10,7;14,9;12,0;65,8;153,7;642,4;3262,7;645,8;6,3;33,9;28,7;28,9;28,0;84,5;350,0;789,0;4248,1;853,2;14,0;;
2016-01-31T02:00;14,2;10,3;12,7;9,7;65,0;147,0;652,1;3270,5;654,2;5,9;35,5;31,0;30,7;30,6;85,2;369,3;831,0;4111,0;827,0;15,5;;
2016-01-31T03:00;15,7;12,8;10,7;10,0;65,7;152,0;642,3;3220,0;648,5;6,0;35,2;35,3;34,3;32,5;86,6;345,6;839,6;4320,3;850,3;16,5;;
2016-01-31T04:00;15,7;10,4;12,3;10,4;64,6;154,8;641,7;3268,7;641,4;6,8;40,3;31,9;32,5;28,6;91,4;411,2;889,3;4243,8;604,2;17,5;A;
2016-01-31T05:00;15,5;15,7;15,2;11,7;64,3;144,3;655,7;3234,8;655,3;6,5;40,5;40,4;38,9;34,0;90,2;411,7;923,3;4546,2;902,0;19,5;;
2016-01-31T06:00;16,5;17,4;15,8;16,7;65,9;160,7;659,3;3328,5;666,2;7,8;41,6;39,9;42,1;45,5;89,6;407,1;892,2;4528,4;907,7;21,0;;
2016-01-31T07:00;17,2;18,9;21,5;27,5;66,3;171,6;671,4;3313,7;678,6;10,5;44,7;47,8;49,1;48,7;96,1;411,8;956,4;4652,1;941,0;23,5;;
2016-01-31T08:00;17,7;23,3;24,5;28,7;68,7;174,0;677,7;3437,2;677,2;10,9;48,6;48,3;55,4;57,9;94,7;483,6;963,1;4688,6;950,7;25,0;;
2016-01-31T09:00;18,8;27,1;26,7;31,1;68,4;178,2;674,6;3377,4;674,3;11,6;46,9;53,8;54,7;60,6;90,6;474,0;973,5;4590,8;962,2;25,5;;
2016-01-31T10:00;18,9;26,7;28,0;34,3;69,4;195,2;683,8;3467,6;693,7;12,8;45,5;52,4;50,6;61,4;91,0;415,3;889,1;4493,0;907,7;25,0;;
2016-01-31T11:00;18,4;24,7;26,1;34,6;-68,9;183,1;688,0;3417,8;685,6;12,4;42,8;44,1;43,3;55,1;87,3;404,7;894,8;4524,2;872,2;23,0;A;
2016-01-31T12:00;20,2;27,5;26,9;33,3;70,8;212,2;703,2;3529,1;704,1;14,0;36,7;38,5;37,9;49,6;83,8;357,1;827,4;4121,7;816,6;20,0;;
2016-01-31T13:00;21,8;26,7;29,1;31,5;72,2;212,8;723,4;3555,7;712,8;14,8;33,2;32,9;32,2;42,4;82,8;294,9;791,0;3962,4;773,5;18,0;;
2016-01-31T14:00;21,4;29,7;26,7;31,3;72,1;227,9;721,5;3591,7;727,2;15,3;22,6;34,8;29,0;34,1;72,4;283,8;757,9;3733,1;715,7;16,0;;
2016-01-31T15:00;23,7;30,3;27,0;37,5;72,7;238,5;736,0;3607,6;721,3;16,0;19,3;26,0;24,3;34,0;70,2;221,7;587,9;3588,6;717,2;14,0;A;
2016-01-31T16:00;24,4;33,5;28,2;36,2;74,1;244,4;738,4;3702,1;738,5;16,5;16,7;25,4;18,5;22,8;62,9;153,3;680,3;3223,5;666,0;11,5;;
2016-01-31T17:00;23,4;29,2;23,6;29,1;72,9;237,3;733,2;3661,1;726,2;14,8;12,3;19,2;12,9;21,0;58,1;118,4;611,4;3138,8;570,8;8,0;;
2016-01-31T18:00;21,6;29,1;23,5;29,7;72,0;223,8;711,6;3628,1;726,9;14,9;12,1;23,1;16,6;14,2;64,0;158,3;649,3;3088,4;675,9;11,0;A;
2016-01-31T19:00;21,6;24,5;21,1;25,7;70,6;210,4;703,8;3530,1;713,9;12,1;17,7;23,4;20,9;22,0;69,6;208,7;671,7;3628,2;693,5;12,5;;
2016-01-31T20:00;19,1;23,2;19,1;22,4;69,5;182,4;688,3;3450,2;684,5;10,1;26,3;26,5;28,6;32,5;74,8;264,0;738,6;3709,6;778,4;14,0;;
2016-01-31T21:00;18,2;20,6;18,9;22,7;68,3;187,0;691,6;3468,5;693,8;11,2;30,5;30,9;28,0;29,1;79,2;271,8;830,4;3850,2;786,4;16,0;;
2016-01-31T22:00;18,8;19,8;17,9;17,6;68,7;183,5;672,6;3380,4;770,2;10,6;39,8;43,7;36,7;45,2;90,4;373,0;864,7;4355,6;901,9;21,0;A;
2016-01-31T23:00;17,0;16,0;17,0;16,0;67,0;170,0;670,0;3350,0;670,0;8,0;45,0;44,0;45,0;44,0;95,0;450,0;950,0;4750,0;950,0;22,0;;
