2016-01-01T00:00,51, Not Anomaly
2016-01-01T01:00,44, Not Anomaly
2016-01-01T02:00,35, Not Anomaly
2016-01-01T03:00,45, Not Anomaly
2016-01-01T04:00,42, Not Anomaly
2016-01-01T05:00,42, Not Anomaly
2016-01-01T06:00,42, Not Anomaly
2016-01-01T07:00,30, Not Anomaly
2016-01-01T08:00,34, Not Anomaly
2016-01-01T09:00,52, Not Anomaly
2016-01-01T10:00,52, Not Anomaly
2016-01-01T11:00,40, Not Anomaly
2016-01-01T12:00,46, Not Anomaly
2016-01-01T13:00,37, Not Anomaly
2016-01-01T14:00,54, Not Anomaly
2016-01-01T15:00,58, Not Anomaly
2016-01-01T16:00,43, Not Anomaly
2016-01-01T17:00,52, Not Anomaly
2016-01-01T18:00,40, Not Anomaly
2016-01-01T19:00,49, Not Anomaly
2016-01-01T20:00,42, Not Anomaly
2016-01-01T21:00,44, Not Anomaly
2016-01-01T22:00,44, Not Anomaly
2016-01-01T23:00,39, Not Anomaly
2016-01-02T00:00,46, Not Anomaly
2016-01-02T01:00,45, Not Anomaly
2016-01-02T02:00,40, Not Anomaly
2016-01-02T03:00,43, Not Anomaly
2016-01-02T04:00,44, Not Anomaly
2016-01-02T05:00,52, Not Anomaly
2016-01-02T06:00,52, Not Anomaly
2016-01-02T07:00,36, Not Anomaly
2016-01-02T08:00,49, Not Anomaly
2016-01-02T09:00,40, Not Anomaly
2016-01-02T10:00,48, Not Anomaly
2016-01-02T11:00,43, Not Anomaly
2016-01-02T12:00,44, Not Anomaly
2016-01-02T13:00,64, Not Anomaly
2016-01-02T14:00,45, Not Anomaly
2016-01-02T15:00,37, Not Anomaly
2016-01-02T16:00,42, Not Anomaly
2016-01-02T17:00,34, Not Anomaly
2016-01-02T18:00,44, Not Anomaly
2016-01-02T19:00,39, Not Anomaly
2016-01-02T20:00,40, Not Anomaly
2016-01-02T21:00,41, Not Anomaly
2016-01-02T22:00,49, Not Anomaly
2016-01-02T23:00,59, Not Anomaly
2016-01-03T00:00,55, Not Anomaly
2016-01-03T01:00,45, Not Anomaly
2016-01-03T02:00,40, Not Anomaly
2016-01-03T03:00,47, Not Anomaly
2016-01-03T04:00,44, Not Anomaly
2016-01-03T05:00,55, Not Anomaly
2016-01-03T06:00,38, Not Anomaly
2016-01-03T07:00,56, Not Anomaly
2016-01-03T08:00,40, Not Anomaly
2016-01-03T09:00,40, Not Anomaly
2016-01-03T10:00,36, Not Anomaly
2016-01-03T11:00,38, Not Anomaly
2016-01-03T12:00,49, Not Anomaly
2016-01-03T13:00,47, Not Anomaly
2016-01-03T14:00,44, Not Anomaly
2016-01-03T15:00,35, Not Anomaly
2016-01-03T16:00,35, Not Anomaly
2016-01-03T17:00,38, Not Anomaly
2016-01-03T18:00,52, Not Anomaly
2016-01-03T19:00,43, Not Anomaly
2016-01-03T20:00,58, Not Anomaly
2016-01-03T21:00,51, Not Anomaly
2016-01-03T22:00,47, Not Anomaly
2016-01-03T23:00,37, Not Anomaly
2016-01-04T00:00,40, Not Anomaly
2016-01-04T01:00,48, Not Anomaly
2016-01-04T02:00,46, Not Anomaly
2016-01-04T03:00,60, Not Anomaly
2016-01-04T04:00,47, Not Anomaly
2016-01-04T05:00,36, Not Anomaly
2016-01-04T06:00,48, Not Anomaly
2016-01-04T07:00,41, Not Anomaly
2016-01-04T08:00,33, Not Anomaly
2016-01-04T09:00,56, Not Anomaly
2016-01-04T10:00,34, Not Anomaly
2016-01-04T11:00,42, Not Anomaly
2016-01-04T12:00,50, Not Anomaly
2016-01-04T13:00,48, Not Anomaly
2016-01-04T14:00,34, Not Anomaly
2016-01-04T15:00,53, Not Anomaly
2016-01-04T16:00,38, Not Anomaly
2016-01-04T17:00,36, Not Anomaly
2016-01-04T18:00,46, Not Anomaly
2016-01-04T19:00,37, Not Anomaly
2016-01-04T20:00,38, Not Anomaly
2016-01-04T21:00,43, Not Anomaly
2016-01-04T22:00,55, Not Anomaly
2016-01-04T23:00,42, Not Anomaly
2016-01-05T00:00,50, Not Anomaly
2016-01-05T01:00,41, Not Anomaly
2016-01-05T02:00,41, Not Anomaly
2016-01-05T03:00,41, Not Anomaly
2016-01-05T04:00,50, Not Anomaly
2016-01-05T05:00,32, Not Anomaly
2016-01-05T06:00,47, Not Anomaly
2016-01-05T07:00,43, Not Anomaly
2016-01-05T08:00,45, Not Anomaly
2016-01-05T09:00,31, Not Anomaly
2016-01-05T10:00,38, Not Anomaly
2016-01-05T11:00,55, Not Anomaly
2016-01-05T12:00,47, Not Anomaly
2016-01-05T13:00,46, Not Anomaly
2016-01-05T14:00,36, Not Anomaly
2016-01-05T15:00,49, Not Anomaly
2016-01-05T16:00,41, Not Anomaly
2016-01-05T17:00,38, Not Anomaly
2016-01-05T18:00,50, Not Anomaly
2016-01-05T19:00,38, Not Anomaly
2016-01-05T20:00,43, Not Anomaly
2016-01-05T21:00,43, Not Anomaly
2016-01-05T22:00,33, Not Anomaly
2016-01-05T23:00,42, Not Anomaly
2016-01-06T00:00,46, Not Anomaly
2016-01-06T01:00,37, Not Anomaly
2016-01-06T02:00,51, Not Anomaly
2016-01-06T03:00,38, Not Anomaly
2016-01-06T04:00,38, Not Anomaly
2016-01-06T05:00,46, Not Anomaly
2016-01-06T06:00,47, Not Anomaly
2016-01-06T07:00,51, Not Anomaly
2016-01-06T08:00,41, Not Anomaly
2016-01-06T09:00,32, Not Anomaly
2016-01-06T10:00,48, Not Anomaly
2016-01-06T11:00,53, Not Anomaly
2016-01-06T12:00,50, Not Anomaly
2016-01-06T13:00,50, Not Anomaly
2016-01-06T14:00,32, Not Anomaly
2016-01-06T15:00,31, Not Anomaly
2016-01-06T16:00,44, Not Anomaly
2016-01-06T17:00,43, Not Anomaly
2016-01-06T18:00,31, Not Anomaly
2016-01-06T19:00,45, Not Anomaly
2016-01-06T20:00,47, Not Anomaly
2016-01-06T21:00,55, Not Anomaly
2016-01-06T22:00,38, Not Anomaly
2016-01-06T23:00,47, Not Anomaly
2016-01-07T00:00,33, Not Anomaly
2016-01-07T01:00,43, Not Anomaly
2016-01-07T02:00,51, Not Anomaly
2016-01-07T03:00,49, Not Anomaly
2016-01-07T04:00,41, Not Anomaly
2016-01-07T05:00,35, Not Anomaly
2016-01-07T06:00,56, Not Anomaly
2016-01-07T07:00,47, Not Anomaly
2016-01-07T08:00,51, Not Anomaly
2016-01-07T09:00,37, Not Anomaly
2016-01-07T10:00,39, Not Anomaly
2016-01-07T11:00,52, Not Anomaly
2016-01-07T12:00,48, Not Anomaly
2016-01-07T13:00,46, Not Anomaly
2016-01-07T14:00,36, Not Anomaly
2016-01-07T15:00,35, Not Anomaly
2016-01-07T16:00,45, Not Anomaly
2016-01-07T17:00,47, Not Anomaly
2016-01-07T18:00,41, Not Anomaly
2016-01-07T19:00,40, Not Anomaly
2016-01-07T20:00,46, Not Anomaly
2016-01-07T21:00,43, Not Anomaly
2016-01-07T22:00,45, Not Anomaly
2016-01-07T23:00,40, Not Anomaly
2016-01-08T00:00,52, Not Anomaly
2016-01-08T01:00,49, Not Anomaly
2016-01-08T02:00,37, Not Anomaly
2016-01-08T03:00,46, Not Anomaly
2016-01-08T04:00,44, Not Anomaly
2016-01-08T05:00,46, Not Anomaly
2016-01-08T06:00,51, Not Anomaly
2016-01-08T07:00,57, Not Anomaly
2016-01-08T08:00,29, Not Anomaly
2016-01-08T09:00,47, Not Anomaly
2016-01-08T10:00,48, Not Anomaly
2016-01-08T11:00,49, Not Anomaly
2016-01-08T12:00,44, Not Anomaly
2016-01-08T13:00,48, Not Anomaly
2016-01-08T14:00,50, Not Anomaly
2016-01-08T15:00,42, Not Anomaly
2016-01-08T16:00,47, Not Anomaly
2016-01-08T17:00,38, Not Anomaly
2016-01-08T18:00,38, Not Anomaly
2016-01-08T19:00,47, Not Anomaly
2016-01-08T20:00,56, Not Anomaly
2016-01-08T21:00,42, Not Anomaly
2016-01-08T22:00,49, Not Anomaly
2016-01-08T23:00,43, Not Anomaly
2016-01-09T00:00,32, Not Anomaly
2016-01-09T01:00,40, Not Anomaly
2016-01-09T02:00,48, Not Anomaly
2016-01-09T03:00,46, Not Anomaly
2016-01-09T04:00,51, Not Anomaly
2016-01-09T05:00,43, Not Anomaly
2016-01-09T06:00,46, Not Anomaly
2016-01-09T07:00,53, Not Anomaly
2016-01-09T08:00,39, Not Anomaly
2016-01-09T09:00,41, Not Anomaly
2016-01-09T10:00,38, Not Anomaly
2016-01-09T11:00,47, Not Anomaly
2016-01-09T12:00,53, Not Anomaly
2016-01-09T13:00,53, Not Anomaly
2016-01-09T14:00,47, Not Anomaly
2016-01-09T15:00,61, Not Anomaly
2016-01-09T16:00,39, Not Anomaly
2016-01-09T17:00,46, Not Anomaly
2016-01-09T18:00,33, Not Anomaly
2016-01-09T19:00,42, Not Anomaly
2016-01-09T20:00,38, Not Anomaly
2016-01-09T21:00,46, Not Anomaly
2016-01-09T22:00,44, Not Anomaly
2016-01-09T23:00,41, Not Anomaly
2016-01-10T00:00,42, Not Anomaly
2016-01-10T01:00,39, Not Anomaly
2016-01-10T02:00,35, Not Anomaly
2016-01-10T03:00,36, Not Anomaly
2016-01-10T04:00,47, Not Anomaly
2016-01-10T05:00,110, Anomaly
2016-01-10T06:00,42, Not Anomaly
2016-01-10T07:00,44, Not Anomaly
2016-01-10T08:00,36, Not Anomaly
2016-01-10T09:00,45, Not Anomaly
2016-01-10T10:00,40, Not Anomaly
2016-01-10T11:00,38, Not Anomaly
2016-01-10T12:00,33, Not Anomaly
2016-01-10T13:00,46, Not Anomaly
2016-01-10T14:00,32, Not Anomaly
2016-01-10T15:00,47, Not Anomaly
2016-01-10T16:00,50, Not Anomaly
2016-01-10T17:00,47, Not Anomaly
2016-01-10T18:00,110, Anomaly
2016-01-10T19:00,41, Not Anomaly
2016-01-10T20:00,39, Not Anomaly
2016-01-10T21:00,44, Not Anomaly
2016-01-10T22:00,47, Not Anomaly
2016-01-10T23:00,45, Not Anomaly
2016-01-11T00:00,38, Not Anomaly
2016-01-11T01:00,29, Not Anomaly
2016-01-11T02:00,51, Not Anomaly
2016-01-11T03:00,110, Anomaly
2016-01-11T04:00,43, Not Anomaly
2016-01-11T05:00,50, Not Anomaly
2016-01-11T06:00,43, Not Anomaly
2016-01-11T07:00,42, Not Anomaly
2016-01-11T08:00,42, Not Anomaly
2016-01-11T09:00,40, Not Anomaly
2016-01-11T10:00,47, Not Anomaly
2016-01-11T11:00,36, Not Anomaly
2016-01-11T12:00,38, Not Anomaly
2016-01-11T13:00,41, Not Anomaly
2016-01-11T14:00,45, Not Anomaly
2016-01-11T15:00,45, Not Anomaly
2016-01-11T16:00,264, Anomaly
2016-01-11T17:00,228, Anomaly
2016-01-11T18:00,222, Anomaly
2016-01-11T19:00,223, Anomaly
2016-01-11T20:00,180, Anomaly
2016-01-11T21:00,181, Anomaly
2016-01-11T22:00,145, Anomaly
2016-01-11T23:00,156, Anomaly
2016-01-12T00:00,129, Anomaly
2016-01-12T01:00,110, Anomaly
2016-01-12T02:00,121, Anomaly
2016-01-12T03:00,114, Anomaly
2016-01-12T04:00,125, Anomaly
2016-01-12T05:00,113, Anomaly
2016-01-12T06:00,127, Anomaly
2016-01-12T07:00,155, Anomaly
2016-01-12T08:00,158, Anomaly
2016-01-12T09:00,169, Anomaly
2016-01-12T10:00,53, Not Anomaly
2016-01-12T11:00,38, Not Anomaly
2016-01-12T12:00,50, Not Anomaly
2016-01-12T13:00,50, Not Anomaly
2016-01-12T14:00,141, Anomaly
2016-01-12T15:00,39, Not Anomaly
2016-01-12T16:00,44, Not Anomaly
2016-01-12T17:00,35, Not Anomaly
2016-01-12T18:00,41, Not Anomaly
2016-01-12T19:00,110, Anomaly
2016-01-12T20:00,36, Not Anomaly
2016-01-12T21:00,48, Not Anomaly
2016-01-12T22:00,43, Not Anomaly
2016-01-12T23:00,48, Not Anomaly
2016-01-13T00:00,34, Not Anomaly
2016-01-13T01:00,41, Not Anomaly
2016-01-13T02:00,39, Not Anomaly
2016-01-13T03:00,49, Not Anomaly
2016-01-13T04:00,42, Not Anomaly
2016-01-13T05:00,48, Not Anomaly
2016-01-13T06:00,155, Anomaly
2016-01-13T07:00,52, Not Anomaly
2016-01-13T08:00,37, Not Anomaly
2016-01-13T09:00,40, Not Anomaly
2016-01-13T10:00,40, Not Anomaly
2016-01-13T11:00,53, Not Anomaly
2016-01-13T12:00,48, Not Anomaly
2016-01-13T13:00,52, Not Anomaly
2016-01-13T14:00,118, Anomaly
2016-01-13T15:00,38, Not Anomaly
2016-01-13T16:00,48, Not Anomaly
2016-01-13T17:00,57, Not Anomaly
2016-01-13T18:00,39, Not Anomaly
2016-01-13T19:00,47, Not Anomaly
2016-01-13T20:00,41, Not Anomaly
2016-01-13T21:00,41, Not Anomaly
2016-01-13T22:00,51, Not Anomaly
2016-01-13T23:00,49, Not Anomaly
2016-01-14T00:00,31, Not Anomaly
2016-01-14T01:00,37, Not Anomaly
2016-01-14T02:00,110, Anomaly
2016-01-14T03:00,44, Not Anomaly
2016-01-14T04:00,51, Not Anomaly
2016-01-14T05:00,52, Not Anomaly
2016-01-14T06:00,41, Not Anomaly
2016-01-14T07:00,43, Not Anomaly
2016-01-14T08:00,49, Not Anomaly
2016-01-14T09:00,43, Not Anomaly
2016-01-14T10:00,40, Not Anomaly
2016-01-14T11:00,38, Not Anomaly
2016-01-14T12:00,46, Not Anomaly
2016-01-14T13:00,35, Not Anomaly
2016-01-14T14:00,139, Anomaly
2016-01-14T15:00,49, Not Anomaly
2016-01-14T16:00,36, Not Anomaly
2016-01-14T17:00,1221, Anomaly
2016-01-14T18:00,45, Not Anomaly
2016-01-14T19:00,41, Not Anomaly
2016-01-14T20:00,47, Not Anomaly
2016-01-14T21:00,47, Not Anomaly
2016-01-14T22:00,44, Not Anomaly
2016-01-14T23:00,35, Not Anomaly
2016-01-15T00:00,32, Not Anomaly
2016-01-15T01:00,48, Not Anomaly
2016-01-15T02:00,38, Not Anomaly
2016-01-15T03:00,41, Not Anomaly
2016-01-15T04:00,110, Anomaly
2016-01-15T05:00,45, Not Anomaly
2016-01-15T06:00,44, Not Anomaly
2016-01-15T07:00,36, Not Anomaly
2016-01-15T08:00,45, Not Anomaly
2016-01-15T09:00,45, Not Anomaly
2016-01-15T10:00,39, Not Anomaly
2016-01-15T11:00,55, Not Anomaly
2016-01-15T12:00,219, Anomaly
2016-01-15T13:00,49, Not Anomaly
2016-01-15T14:00,38, Not Anomaly
2016-01-15T15:00,41, Not Anomaly
2016-01-15T16:00,47, Not Anomaly
2016-01-15T17:00,110, Anomaly
2016-01-15T18:00,140, Anomaly
2016-01-15T19:00,176, Anomaly
2016-01-15T20:00,214, Anomaly
2016-01-15T21:00,241, Anomaly
2016-01-15T22:00,40, Not Anomaly
2016-01-15T23:00,58, Not Anomaly
2016-01-16T00:00,42, Not Anomaly
2016-01-16T01:00,50, Not Anomaly
2016-01-16T02:00,127, Anomaly
2016-01-16T03:00,45, Not Anomaly
2016-01-16T04:00,935, Anomaly
2016-01-16T05:00,49, Not Anomaly
2016-01-16T06:00,51, Not Anomaly
2016-01-16T07:00,36, Not Anomaly
2016-01-16T08:00,32, Not Anomaly
2016-01-16T09:00,39, Not Anomaly
2016-01-16T10:00,49, Not Anomaly
2016-01-16T11:00,41, Not Anomaly
2016-01-16T12:00,110, Anomaly
2016-01-16T13:00,33, Not Anomaly
2016-01-16T14:00,40, Not Anomaly
2016-01-16T15:00,43, Not Anomaly
2016-01-16T16:00,39, Not Anomaly
2016-01-16T17:00,54, Not Anomaly
2016-01-16T18:00,133, Anomaly
2016-01-16T19:00,35, Not Anomaly
2016-01-16T20:00,45, Not Anomaly
2016-01-16T21:00,50, Not Anomaly
2016-01-16T22:00,48, Not Anomaly
2016-01-16T23:00,56, Not Anomaly
2016-01-17T00:00,45, Not Anomaly
2016-01-17T01:00,40, Not Anomaly
2016-01-17T02:00,44, Not Anomaly
2016-01-17T03:00,51, Not Anomaly
2016-01-17T04:00,43, Not Anomaly
2016-01-17T05:00,143, Anomaly
2016-01-17T06:00,44, Not Anomaly
2016-01-17T07:00,41, Not Anomaly
2016-01-17T08:00,51, Not Anomaly
2016-01-17T09:00,35, Not Anomaly
2016-01-17T10:00,55, Not Anomaly
2016-01-17T11:00,31, Not Anomaly
2016-01-17T12:00,45, Not Anomaly
2016-01-17T13:00,50, Not Anomaly
2016-01-17T14:00,153, Anomaly
2016-01-17T15:00,51, Not Anomaly
2016-01-17T16:00,52, Not Anomaly
2016-01-17T17:00,40, Not Anomaly
2016-01-17T18:00,41, Not Anomaly
2016-01-17T19:00,45, Not Anomaly
2016-01-17T20:00,37, Not Anomaly
2016-01-17T21:00,44, Not Anomaly
2016-01-17T22:00,61, Not Anomaly
2016-01-17T23:00,51, Not Anomaly
2016-01-18T00:00,38, Not Anomaly
2016-01-18T01:00,117, Anomaly
2016-01-18T02:00,119, Anomaly
2016-01-18T03:00,110, Anomaly
2016-01-18T04:00,119, Anomaly
2016-01-18T05:00,146, Anomaly
2016-01-18T06:00,37, Not Anomaly
2016-01-18T07:00,46, Not Anomaly
2016-01-18T08:00,50, Not Anomaly
2016-01-18T09:00,30, Not Anomaly
2016-01-18T10:00,49, Not Anomaly
2016-01-18T11:00,39, Not Anomaly
2016-01-18T12:00,38, Not Anomaly
2016-01-18T13:00,112, Anomaly
2016-01-18T14:00,43, Not Anomaly
2016-01-18T15:00,43, Not Anomaly
2016-01-18T16:00,43, Not Anomaly
2016-01-18T17:00,42, Not Anomaly
2016-01-18T18:00,42, Not Anomaly
2016-01-18T19:00,43, Not Anomaly
2016-01-18T20:00,41, Not Anomaly
2016-01-18T21:00,35, Not Anomaly
2016-01-18T22:00,58, Not Anomaly
2016-01-18T23:00,111, Anomaly
2016-01-19T00:00,36, Not Anomaly
2016-01-19T01:00,55, Not Anomaly
2016-01-19T02:00,36, Not Anomaly
2016-01-19T03:00,44, Not Anomaly
2016-01-19T04:00,113, Anomaly
2016-01-19T05:00,43, Not Anomaly
2016-01-19T06:00,45, Not Anomaly
2016-01-19T07:00,47, Not Anomaly
2016-01-19T08:00,41, Not Anomaly
2016-01-19T09:00,42, Not Anomaly
2016-01-19T10:00,51, Not Anomaly
2016-01-19T11:00,47, Not Anomaly
2016-01-19T12:00,110, Anomaly
2016-01-19T13:00,50, Not Anomaly
2016-01-19T14:00,32, Not Anomaly
2016-01-19T15:00,49, Not Anomaly
2016-01-19T16:00,117, Anomaly
2016-01-19T17:00,45, Not Anomaly
2016-01-19T18:00,59, Not Anomaly
2016-01-19T19:00,48, Not Anomaly
2016-01-19T20:00,36, Not Anomaly
2016-01-19T21:00,385, Anomaly
2016-01-19T22:00,43, Not Anomaly
2016-01-19T23:00,41, Not Anomaly
2016-01-20T00:00,37, Not Anomaly
2016-01-20T01:00,39, Not Anomaly
2016-01-20T02:00,54, Not Anomaly
2016-01-20T03:00,47, Not Anomaly
2016-01-20T04:00,50, Not Anomaly
2016-01-20T05:00,44, Not Anomaly
2016-01-20T06:00,51, Not Anomaly
2016-01-20T07:00,4798, Anomaly
2016-01-20T08:00,4860, Anomaly
2016-01-20T09:00,4882, Anomaly
2016-01-20T10:00,4947, Anomaly
2016-01-20T11:00,4943, Anomaly
2016-01-20T12:00,5088, Anomaly
2016-01-20T13:00,47, Not Anomaly
2016-01-20T14:00,53, Not Anomaly
2016-01-20T15:00,44, Not Anomaly
2016-01-20T16:00,45, Not Anomaly
2016-01-20T17:00,37, Not Anomaly
2016-01-20T18:00,33, Not Anomaly
2016-01-20T19:00,48, Not Anomaly
2016-01-20T20:00,56, Not Anomaly
2016-01-20T21:00,41, Not Anomaly
2016-01-20T22:00,46, Not Anomaly
2016-01-20T23:00,43, Not Anomaly
2016-01-21T00:00,56, Not Anomaly
2016-01-21T01:00,52, Not Anomaly
2016-01-21T02:00,38, Not Anomaly
2016-01-21T03:00,38, Not Anomaly
2016-01-21T04:00,60, Not Anomaly
2016-01-21T05:00,42, Not Anomaly
2016-01-21T06:00,110, Anomaly
2016-01-21T07:00,117, Anomaly
2016-01-21T08:00,49, Not Anomaly
2016-01-21T09:00,50, Not Anomaly
2016-01-21T10:00,45, Not Anomaly
2016-01-21T11:00,41, Not Anomaly
2016-01-21T12:00,41, Not Anomaly
2016-01-21T13:00,52, Not Anomaly
2016-01-21T14:00,57, Not Anomaly
2016-01-21T15:00,36, Not Anomaly
2016-01-21T16:00,110, Anomaly
2016-01-21T17:00,29, Not Anomaly
2016-01-21T18:00,43, Not Anomaly
2016-01-21T19:00,43, Not Anomaly
2016-01-21T20:00,42, Not Anomaly
2016-01-21T21:00,47, Not Anomaly
2016-01-21T22:00,45, Not Anomaly
2016-01-21T23:00,110, Anomaly
2016-01-22T00:00,35, Not Anomaly
2016-01-22T01:00,41, Not Anomaly
2016-01-22T02:00,37, Not Anomaly
2016-01-22T03:00,58, Not Anomaly
2016-01-22T04:00,46, Not Anomaly
2016-01-22T05:00,46, Not Anomaly
2016-01-22T06:00,33, Not Anomaly
2016-01-22T07:00,114, Anomaly
2016-01-22T08:00,51, Not Anomaly
2016-01-22T09:00,41, Not Anomaly
2016-01-22T10:00,42, Not Anomaly
2016-01-22T11:00,38, Not Anomaly
2016-01-22T12:00,43, Not Anomaly
2016-01-22T13:00,44, Not Anomaly
2016-01-22T14:00,48, Not Anomaly
2016-01-22T15:00,284, Anomaly
2016-01-22T16:00,52, Not Anomaly
2016-01-22T17:00,50, Not Anomaly
2016-01-22T18:00,33, Not Anomaly
2016-01-22T19:00,33, Not Anomaly
2016-01-22T20:00,136, Anomaly
2016-01-22T21:00,39, Not Anomaly
2016-01-22T22:00,44, Not Anomaly
2016-01-22T23:00,47, Not Anomaly
2016-01-23T00:00,47, Not Anomaly
2016-01-23T01:00,37, Not Anomaly
2016-01-23T02:00,43, Not Anomaly
2016-01-23T03:00,44, Not Anomaly
2016-01-23T04:00,53, Not Anomaly
2016-01-23T05:00,49, Not Anomaly
2016-01-23T06:00,51, Not Anomaly
2016-01-23T07:00,154, Anomaly
2016-01-23T08:00,40, Not Anomaly
2016-01-23T09:00,46, Not Anomaly
2016-01-23T10:00,39, Not Anomaly
2016-01-23T11:00,38, Not Anomaly
2016-01-23T12:00,44, Not Anomaly
2016-01-23T13:00,46, Not Anomaly
2016-01-23T14:00,31, Not Anomaly
2016-01-23T15:00,50, Not Anomaly
2016-01-23T16:00,49, Not Anomaly
2016-01-23T17:00,42, Not Anomaly
2016-01-23T18:00,40, Not Anomaly
2016-01-23T19:00,39, Not Anomaly
2016-01-23T20:00,51, Not Anomaly
2016-01-23T21:00,46, Not Anomaly
2016-01-23T22:00,172, Anomaly
2016-01-23T23:00,44, Not Anomaly
2016-01-24T00:00,39, Not Anomaly
2016-01-24T01:00,49, Not Anomaly
2016-01-24T02:00,43, Not Anomaly
2016-01-24T03:00,49, Not Anomaly
2016-01-24T04:00,58, Not Anomaly
2016-01-24T05:00,41, Not Anomaly
2016-01-24T06:00,113, Anomaly
2016-01-24T07:00,50, Not Anomaly
2016-01-24T08:00,50, Not Anomaly
2016-01-24T09:00,44, Not Anomaly
2016-01-24T10:00,38, Not Anomaly
2016-01-24T11:00,44, Not Anomaly
2016-01-24T12:00,48, Not Anomaly
2016-01-24T13:00,43, Not Anomaly
2016-01-24T14:00,40, Not Anomaly
2016-01-24T15:00,43, Not Anomaly
2016-01-24T16:00,51, Not Anomaly
2016-01-24T17:00,44, Not Anomaly
2016-01-24T18:00,182, Anomaly
2016-01-24T19:00,47, Not Anomaly
2016-01-24T20:00,38, Not Anomaly
2016-01-24T21:00,48, Not Anomaly
2016-01-24T22:00,54, Not Anomaly
2016-01-24T23:00,36, Not Anomaly
2016-01-25T00:00,48, Not Anomaly
2016-01-25T01:00,57, Not Anomaly
2016-01-25T02:00,110, Anomaly
2016-01-25T03:00,54, Not Anomaly
2016-01-25T04:00,40, Not Anomaly
2016-01-25T05:00,40, Not Anomaly
2016-01-25T06:00,146, Anomaly
2016-01-25T07:00,52, Not Anomaly
2016-01-25T08:00,47, Not Anomaly
2016-01-25T09:00,37, Not Anomaly
2016-01-25T10:00,45, Not Anomaly
2016-01-25T11:00,26, Not Anomaly
2016-01-25T12:00,50, Not Anomaly
2016-01-25T13:00,262, Anomaly
2016-01-25T14:00,44, Not Anomaly
2016-01-25T15:00,199, Anomaly
2016-01-25T16:00,45, Not Anomaly
2016-01-25T17:00,29, Not Anomaly
2016-01-25T18:00,49, Not Anomaly
2016-01-25T19:00,48, Not Anomaly
2016-01-25T20:00,35, Not Anomaly
2016-01-25T21:00,44, Not Anomaly
2016-01-25T22:00,39, Not Anomaly
2016-01-25T23:00,54, Not Anomaly
2016-01-26T00:00,114, Anomaly
2016-01-26T01:00,45, Not Anomaly
2016-01-26T02:00,45, Not Anomaly
2016-01-26T03:00,30, Not Anomaly
2016-01-26T04:00,44, Not Anomaly
2016-01-26T05:00,35, Not Anomaly
2016-01-26T06:00,48, Not Anomaly
2016-01-26T07:00,58, Not Anomaly
2016-01-26T08:00,47, Not Anomaly
2016-01-26T09:00,26, Not Anomaly
2016-01-26T10:00,42, Not Anomaly
2016-01-26T11:00,181, Anomaly
2016-01-26T12:00,159, Anomaly
2016-01-26T13:00,129, Anomaly
2016-01-26T14:00,121, Anomaly
2016-01-26T15:00,41, Not Anomaly
2016-01-26T16:00,37, Not Anomaly
2016-01-26T17:00,36, Not Anomaly
2016-01-26T18:00,51, Not Anomaly
2016-01-26T19:00,55, Not Anomaly
2016-01-26T20:00,41, Not Anomaly
2016-01-26T21:00,45, Not Anomaly
2016-01-26T22:00,180, Anomaly
2016-01-26T23:00,37, Not Anomaly
2016-01-27T00:00,35, Not Anomaly
2016-01-27T01:00,31, Not Anomaly
2016-01-27T02:00,51, Not Anomaly
2016-01-27T03:00,55, Not Anomaly
2016-01-27T04:00,110, Anomaly
2016-01-27T05:00,45, Not Anomaly
2016-01-27T06:00,29, Not Anomaly
2016-01-27T07:00,45, Not Anomaly
2016-01-27T08:00,41, Not Anomaly
2016-01-27T09:00,47, Not Anomaly
2016-01-27T10:00,41, Not Anomaly
2016-01-27T11:00,44, Not Anomaly
2016-01-27T12:00,39, Not Anomaly
2016-01-27T13:00,37, Not Anomaly
2016-01-27T14:00,40, Not Anomaly
2016-01-27T15:00,160, Anomaly
2016-01-27T16:00,35, Not Anomaly
2016-01-27T17:00,49, Not Anomaly
2016-01-27T18:00,33, Not Anomaly
2016-01-27T19:00,41, Not Anomaly
2016-01-27T20:00,45, Not Anomaly
2016-01-27T21:00,44, Not Anomaly
2016-01-27T22:00,46, Not Anomaly
2016-01-27T23:00,32, Not Anomaly
2016-01-28T00:00,114, Anomaly
2016-01-28T01:00,50, Not Anomaly
2016-01-28T02:00,43, Not Anomaly
2016-01-28T03:00,39, Not Anomaly
2016-01-28T04:00,46, Not Anomaly
2016-01-28T05:00,51, Not Anomaly
2016-01-28T06:00,35, Not Anomaly
2016-01-28T07:00,50, Not Anomaly
2016-01-28T08:00,51, Not Anomaly
2016-01-28T09:00,37, Not Anomaly
2016-01-28T10:00,197, Anomaly
2016-01-28T11:00,33, Not Anomaly
2016-01-28T12:00,35, Not Anomaly
2016-01-28T13:00,52, Not Anomaly
2016-01-28T14:00,118, Anomaly
2016-01-28T15:00,38, Not Anomaly
2016-01-28T16:00,43, Not Anomaly
2016-01-28T17:00,48, Not Anomaly
2016-01-28T18:00,50, Not Anomaly
2016-01-28T19:00,46, Not Anomaly
2016-01-28T20:00,31, Not Anomaly
2016-01-28T21:00,58, Not Anomaly
2016-01-28T22:00,517, Anomaly
2016-01-28T23:00,534, Anomaly
2016-01-29T00:00,37, Not Anomaly
2016-01-29T01:00,50, Not Anomaly
2016-01-29T02:00,43, Not Anomaly
2016-01-29T03:00,40, Not Anomaly
2016-01-29T04:00,41, Not Anomaly
2016-01-29T05:00,46, Not Anomaly
2016-01-29T06:00,40, Not Anomaly
2016-01-29T07:00,235, Anomaly
2016-01-29T08:00,258, Anomaly
2016-01-29T09:00,235, Anomaly
2016-01-29T10:00,243, Anomaly
2016-01-29T11:00,263, Anomaly
2016-01-29T12:00,56, Not Anomaly
2016-01-29T13:00,42, Not Anomaly
2016-01-29T14:00,45, Not Anomaly
2016-01-29T15:00,50, Not Anomaly
2016-01-29T16:00,32, Not Anomaly
2016-01-29T17:00,49, Not Anomaly
2016-01-29T18:00,43, Not Anomaly
2016-01-29T19:00,52, Not Anomaly
2016-01-29T20:00,42, Not Anomaly
2016-01-29T21:00,50, Not Anomaly
2016-01-29T22:00,45, Not Anomaly
2016-01-29T23:00,37, Not Anomaly
2016-01-30T00:00,53, Not Anomaly
2016-01-30T01:00,50, Not Anomaly
2016-01-30T02:00,134, Anomaly
2016-01-30T03:00,47, Not Anomaly
2016-01-30T04:00,47, Not Anomaly
2016-01-30T05:00,47, Not Anomaly
2016-01-30T06:00,44, Not Anomaly
2016-01-30T07:00,45, Not Anomaly
2016-01-30T08:00,38, Not Anomaly
2016-01-30T09:00,57, Not Anomaly
2016-01-30T10:00,53, Not Anomaly
2016-01-30T11:00,44, Not Anomaly
2016-01-30T12:00,46, Not Anomaly
2016-01-30T13:00,46, Not Anomaly
2016-01-30T14:00,40, Not Anomaly
2016-01-30T15:00,642, Anomaly
2016-01-30T16:00,47, Not Anomaly
2016-01-30T17:00,36, Not Anomaly
2016-01-30T18:00,47, Not Anomaly
2016-01-30T19:00,34, Not Anomaly
2016-01-30T20:00,42, Not Anomaly
2016-01-30T21:00,159, Anomaly
2016-01-30T22:00,1056, Anomaly
2016-01-30T23:00,59, Not Anomaly
2016-01-31T00:00,47, Not Anomaly
2016-01-31T01:00,41, Not Anomaly
2016-01-31T02:00,45, Not Anomaly
2016-01-31T03:00,39, Not Anomaly
2016-01-31T04:00,110, Anomaly
2016-01-31T05:00,56, Not Anomaly
2016-01-31T06:00,45, Not Anomaly
2016-01-31T07:00,44, Not Anomaly
2016-01-31T08:00,50, Not Anomaly
2016-01-31T09:00,31, Not Anomaly
2016-01-31T10:00,48, Not Anomaly
2016-01-31T11:00,4945, Anomaly
2016-01-31T12:00,37, Not Anomaly
2016-01-31T13:00,56, Not Anomaly
2016-01-31T14:00,46, Not Anomaly
2016-01-31T15:00,110, Anomaly
2016-01-31T16:00,33, Not Anomaly
2016-01-31T17:00,43, Not Anomaly
2016-01-31T18:00,110, Anomaly
2016-01-31T19:00,50, Not Anomaly
2016-01-31T20:00,42, Not Anomaly
2016-01-31T21:00,39, Not Anomaly
2016-01-31T22:00,113, Anomaly
2016-01-31T23:00,47, Not Anomaly
